,name,price,link,review
0,Apple 아이폰 13 256GB [자급제],"1,106,990원",https://cr.shopping.naver.com/adcr.nhn?x=dGMRiXsyCyVYSwIxatIKZP%2F%2F%2Fw%3D%3DsdAWi%2BIJ2oj3uu5lPizkAXw1jA3w6Gfi0ALjFClBNF71N4NgkrPIjlczCBjhk2dSMfGiw9eIeaWF83QIT%2B7ChopzreSRw2N%2FAHEinEnFn%2FGh4VlIufqmHzP6W%2FutFvhXW3GBkKr3ZsiZ77niM4Y8bEMv%2BjB2erv%2BZ%2Brrs5VHOiTQgGE7%2BZatKjf5hEf1XctkKBJI0dviJF7aVxSP3I1r8G5bkCnZt3PKDnGtnPfTpWXV9gLRMuJH34gK%2BdKxxm2wLxTlaf5%2FiuaOH7ew%2B4arNk0Pg%2F6PYJW9LpCSumzPJoigK7CtQzZWLlur1%2FFge4%2BEpqie746A225856R7O%2F1td1J3o9s%2Bdz1EtU0lCGMA9yI8bV9SohnsJOp40F4RSK4iNabl0le3yBSrvr8Jks4q2Zy6UxJeah0Om0lkIOZtT9ZLxLbU57LuNzmnFLwGq45KoBkkXjm5n0VcOvXj1ecS0Es9Tqme0YK6uG79Xy6idNiHlfowHcl1ucGiE6LxBjaayUAwKFiTV2keyt8XqZfmTCXUTNno3lzByylIWjoBpCBJ7N0%2BKs0gSFTdhwMrBXaDk6rLlQ2ddyz7kiXlxDqQ4mY35Jp43Mx3S9FTGxzvix4sOEsHC78VBLnFZh%2FnDobeN&nvMid=29029192591&catId=50001519,977
1,Apple 아이폰 13 미니 128GB [자급제],"874,000원",https://cr.shopping.naver.com/adcr.nhn?x=QXwg0P%2FPyqC2Af4Gsua1%2Bv%2F%2F%2Fw%3D%3DsMCxXyqZqlCnKuZpcKFeEIteRER6N3X5wiRptIyGSyb2GgjNtjvRyY8TaEm3AQ5UwJPXMtMW2Xqc1yd%2F5WD2%2FFxKE3%2BHwvJqDiq6s6xuLU4h0%2Bb5WUnpAirsGx%2FtN07sA%2FyrGL%2FXIujRnUyz8RnPozt9%2BKy%2Fm0d%2BgYWHtEf61Jo5CNclKwvLyA%2Fys%2F%2FHPPajL6vmS6IPw0N8PQDlZk4TeMmNmcbgLr0lu2cCLGgyX7c9vsepmwRk8o%2FCB4DgHhnjVobe4PEyKv8NYSxWwSTP3TqsJF1TG8DXvuOXRWh2aiSE1QmeK3ZPITzKHcbEnR%2BI8XhLxT14wd2hCrsGGVHSG0aJY3q73mSs8f0mOEvZkOqDqdi3Q%2Fm8V2A5jR123nAwZyiHrV%2BqNia8veU2Jhny714BD40iqWaNeYMpOus5JTYBDk2nHMP4aHVCx%2FcONoE3ucOT%2BRsdnHIzNMGl8g3WFM4UriKaNxXUAumzCkEtSNCwUVxRG4ldwD1%2BkE4NgSPi6RRDaDMTDaYN0Kt9EHaWlnC%2FHWM9GBCmD39PrBCt6tf2dSlPOZBN6V54TTL6u%2FzFsyUQvcT7y%2Bau6vGwLQuxcZPkrh17BmBtvFPpSZon3NncDfkLIyuldBS3f8m8e6nLmzUhNzs2VE%2B%2Bisqs3JAEppg%3D%3D&nvMid=29030650586&catId=50001519,"1,730"
2,Apple 아이폰 13 미니 256GB [자급제],"997,350원",https://cr.shopping.naver.com/adcr.nhn?x=VOpXz5M9pjRIl0TKsafMk%2F%2F%2F%2Fw%3D%3DsspMl23%2BClc5LE07A3JZpA2w%2FCaQfhGU2Cf24fqjXeWfrlQPyQuHoHFsppYbPEdHatNQig0ZgBkllKxUaCsLi4KTcoNc91GF5QvpbmQHdqvjkvN0u4hbsMNY3R8JB5%2BTUMLPuiS%2FjPUNr07U8yW187YZnlrSZr8PDPdBCvs8uWtdeJxHcKH4rYUhc5SxvGs%2FQHFu7hQKMJ1DiSIn6Qv1RZSJO7jbxAC%2FhHJnJbE9pD225SET%2FmTh%2Bwr3iKnDGr9FRcwIOWqJKi0ktknVLPHxgqauKWQN4b7WstTXVRp4V%2Fd2Kx7G3krbJiQXzryuwwOqJvUSiiF8hWqhiuJiEhIWkY9pmKYdXeOs3EwbwbyxXVyj1QQzCLreNp8sjPDBjStixjQaGLcMmduX4DYWfbsi2VGBT7SMKEEWA0f6R2waC%2F2dFiBdPxTSuvYOb67FAYBAGWR34PGgX21IX5FwB8U%2FAXwb3eAmUpLAW0oMcgSl2cZpD%2FkFMO4s7sTx4sbc7XXXQvaOjGxMtdSZf0nL3LrxHbKkNkvdMJIw1EKF7bQUL6%2BRP4PMPHCnudPTZjGRUD3iU27A%2Fy9Wcz7EU72Pz6EEGPYkn0liBnV2Kjto1E99BM%2Bgu6T5S2%2BK16DXItYmBr8l0Bq7h9PA5SrIXrcWPClBGWw%3D%3D&nvMid=29030437590&catId=50001519,767
3,Apple 아이폰 13 128GB [자급제],"1,090,000원",https://cr.shopping.naver.com/adcr.nhn?x=8X0jOJvKaFyOgB6esqZAtv%2F%2F%2Fw%3D%3DsfmQToge9mm8C4G1R9K3u5JvLCZE3FkYburAoZafSjmtN4NgkrPIjlczCBjhk2dSMu9%2FRH1KAgp%2Fm7m43pEQI3pzreSRw2N%2FAHEinEnFn%2FGh4VlIufqmHzP6W%2FutFvhXW3GBkKr3ZsiZ77niM4Y8bEMv%2BjB2erv%2BZ%2Brrs5VHOiTQgGE7%2BZatKjf5hEf1XctkKihdJbsF7mPFDdM7F9nXsoJbkCnZt3PKDnGtnPfTpWXV9gLRMuJH34gK%2BdKxxm2wLxTlaf5%2FiuaOH7ew%2B4arNk0Pg%2F6PYJW9LpCSumzPJoigK7CtQzZWLlur1%2FFge4%2BEphQzScmWiJuWDZOEsclZDcXV7rj7GrYGFPYndo03%2FAH0bV9SohnsJOp40F4RSK4iNoWXnTY44WfBZT7q%2FcIhCzy6UxJeah0Om0lkIOZtT9ZLxLbU57LuNzmnFLwGq45KoNK%2FfffFjYviabWreTrAvhc9Tqme0YK6uG79Xy6idNiHlfowHcl1ucGiE6LxBjaayz4JNWOGIs4GXKChyydOT%2FjzUaLji1QUfW5FQpucBI9BCHZq2y%2BiH9DYedBHFh%2BKgx7x%2BBQ5LUSHvme3btZpwBsakHxI8%2FtEipU39iXa23N0OEsHC78VBLnFZh%2FnDobeN&nvMid=29030374587&catId=50001519,"1,472"
4,Apple 아이폰 13 미니 512GB [자급제],"1,257,990원",https://cr.shopping.naver.com/adcr.nhn?x=Q7KGytBJA24v3jlfiwODRf%2F%2F%2Fw%3D%3DssjHno1qcUAzRbO3DPjkkFqMQMxK7lfhq4UybHUry2FDrlQPyQuHoHFsppYbPEdHa%2BSyR6vWLrsQrhHRSVIvF%2BTGnjrsdizrrJ8gYw7JCUj3kvN0u4hbsMNY3R8JB5%2BTUMLPuiS%2FjPUNr07U8yW187YZnlrSZr8PDPdBCvs8uWtdeJxHcKH4rYUhc5SxvGs%2FQ5eJoxHy7F9pVayzIa84fuyJO7jbxAC%2FhHJnJbE9pD225SET%2FmTh%2Bwr3iKnDGr9FRcwIOWqJKi0ktknVLPHxgqauKWQN4b7WstTXVRp4V%2Fd2Kx7G3krbJiQXzryuwwOqJqfC9w0hmjkVzBI7YyHPuQ4whiGt%2BTnOuYwxFiisL3Y71QQzCLreNp8sjPDBjStixjQaGLcMmduX4DYWfbsi2VGDM3SiPCyze6%2Bi%2BuJ%2Brf7lFiBdPxTSuvYOb67FAYBAGWR34PGgX21IX5FwB8U%2FAX5tsvAd8RoapYLBXqQi9V7pD%2FkFMO4s7sTx4sbc7XXXQvaOjGxMtdSZf0nL3LrxHbFNa4NK%2FR09HLVnAFz8t1ifC0hiHfmfzmAI0X1cC502KHYS%2Ffe75Izag9ltmMMzG%2F1Nr%2FL7xA9bi%2FHSwAUSEyGXnMN4BUpi6NFTaZnfHd1XEQdAiJdwXirBRdnaxfvrBbw%3D%3D&nvMid=29030296587&catId=50001519,59
5,Apple 아이폰 13 프로 1TB [자급제],"1,633,600원",https://cr.shopping.naver.com/adcr.nhn?x=qsknBpl3O9AIEHedgzHi4%2F%2F%2F%2Fw%3D%3Dsyw7Dqw%2Fpo99KxMqUc3ynDj1QMnT5r38MZlMUBwYG7opN4NgkrPIjlczCBjhk2dSMJKs82H6wt%2Bf%2F8hawrJDP2pzreSRw2N%2FAHEinEnFn%2FGh4VlIufqmHzP6W%2FutFvhXW3GBkKr3ZsiZ77niM4Y8bEMv%2BjB2erv%2BZ%2Brrs5VHOiTQgGE7%2BZatKjf5hEf1XctkKCqMGcFvs80%2Bm9t1aozn63JbkCnZt3PKDnGtnPfTpWXV9gLRMuJH34gK%2BdKxxm2wLxTlaf5%2FiuaOH7ew%2B4arNk0Pg%2F6PYJW9LpCSumzPJoigK7CtQzZWLlur1%2FFge4%2BEpq0AhNTUkwgfGFSekgdCp%2Bp3o9s%2Bdz1EtU0lCGMA9yI8bV9SohnsJOp40F4RSK4iNnRZE7VsoXqq4UW%2Bf7klEpS6UxJeah0Om0lkIOZtT9ZLxLbU57LuNzmnFLwGq45KovtNin%2Brw3R1h4tZ%2FeJRj8RQ5Y304PhkZvKPG123kGPO7A%2F0vSPti8cHY4o2fastwY%2Fq%2BhJe%2F9%2FigY7GOLUuI93jaXecKLpojkaQYyOGq5I0RpOFzCbaM6OU97uoPifjr81KKMB0%2ByoT3%2B3eOHzoo17VstKph7CS4XpdV5KBicLXHICEQpPL7Rm%2B2fyhjEhHR&nvMid=29029192588&catId=50001519,79
6,Apple 아이폰 13 프로 128GB [자급제],"1,649,990원",https://cr.shopping.naver.com/adcr.nhn?x=02v4k0ASOwKcS4aeqZeZ5v%2F%2F%2Fw%3D%3DsjKcTy2VPmpk2dGJqp4SNa%2BAQ6WnfAQQ%2BNMUeeUsBlAxN4NgkrPIjlczCBjhk2dSMiqyn%2Bu4UqHZc9LSLx4bb05zreSRw2N%2FAHEinEnFn%2FGh4VlIufqmHzP6W%2FutFvhXW3GBkKr3ZsiZ77niM4Y8bEMv%2BjB2erv%2BZ%2Brrs5VHOiTQgGE7%2BZatKjf5hEf1XctkK2geXZy3Q9F6n45539rDBRZbkCnZt3PKDnGtnPfTpWXV9gLRMuJH34gK%2BdKxxm2wLxTlaf5%2FiuaOH7ew%2B4arNk0Pg%2F6PYJW9LpCSumzPJoigK7CtQzZWLlur1%2FFge4%2BEpZHvIEyv9D6JL1Wt01JzGJZCUqhNbugFHlLh7n8V5E%2BIbV9SohnsJOp40F4RSK4iNC6laf6hLfskeaglqqK%2B1uy6UxJeah0Om0lkIOZtT9ZLxLbU57LuNzmnFLwGq45KovtNin%2Brw3R1h4tZ%2FeJRj8b2VsIAdSBjHtTdXYc693jejriJ8H0NV5nx9%2BVr0aUV2wXleBrmxo3QK%2BInhDFbQHc9%2BOEORCNlf3rve75V%2B8wOIDf9TYDOC4LzgCehLsur5v69YEX8P9LJNdGm%2Fw5iqWPmqZsoaSBg2aHFTFA9z3IxXc50eBITwugSNPH3Ok09sVpGw61BSdoQRvEGgfFlc5w%3D%3D&nvMid=29030420587&catId=50001519,"2,340"
7,Apple 아이폰 13 프로 256GB [자급제],"2,299,970원",https://cr.shopping.naver.com/adcr.nhn?x=0HdeloX5He0dUGOUzI8gfP%2F%2F%2Fw%3D%3DshMnRWO2wYY4H2SQh3xfMajm1RE9z2b4yORVj9izZoH6GgjNtjvRyY8TaEm3AQ5UwEslfw2L7uWNWIohFj%2BEPeBKE3%2BHwvJqDiq6s6xuLU4h0%2Bb5WUnpAirsGx%2FtN07sA%2FyrGL%2FXIujRnUyz8RnPozt9%2BKy%2Fm0d%2BgYWHtEf61Jo5CNclKwvLyA%2Fys%2F%2FHPPajL137zj6xS8KLGHM26HEneD2NmcbgLr0lu2cCLGgyX7c9vsepmwRk8o%2FCB4DgHhnjVobe4PEyKv8NYSxWwSTP3TqsJF1TG8DXvuOXRWh2aiSE1QmeK3ZPITzKHcbEnR%2BI8YHFfbdf%2FG2yob4EOwti7FKjiVr30oh5RpNTiqCCAaG%2Fqdi3Q%2Fm8V2A5jR123nAwZGAcEe7n%2FGe4oEgPtgBdbJIBD40iqWaNeYMpOus5JTYBDk2nHMP4aHVCx%2FcONoE3uVxrykmdUCWVn8SXvu0QPtN0u4czD1d73s%2BXym%2BxAMdsUVxRG4ldwD1%2BkE4NgSPi63URfBmTORH7vj%2FpLXIzcjnGQdcVu%2BSwQBS5iFhgQ9xcBhNg6pO%2F%2Bw6bSRwW%2FduOk1DhsucZHl%2BTISrv3J9md9FnVJ91XIG9fgQI7gnpwvmtvU2Y6hEEwGxc1AZfON9sL4VRAH%2BsMDObarUodGweR8Q%3D%3D&nvMid=29030492586&catId=50001519,"2,626"
8,Apple 아이폰 13 미니 128GB [LG U+],"199,600원",https://cr.shopping.naver.com/adcr.nhn?x=nLcqH8t1Vt4DDD742L8d5P%2F%2F%2Fw%3D%3DsmncFo%2Fm4%2BQ8YQ7gEc%2BNwkZ9Wo0tz2ROQu2ntOunKwYzrlQPyQuHoHFsppYbPEdHaOJu4L4bWsCybIOGtnIDjlon0RG5l81JtxWD8kIFl3s7kvN0u4hbsMNY3R8JB5%2BTUMLPuiS%2FjPUNr07U8yW187YZnlrSZr8PDPdBCvs8uWtdeJxHcKH4rYUhc5SxvGs%2FQ7pbwbHSh%2FX5BFJKMjiN3fSJO7jbxAC%2FhHJnJbE9pD225SET%2FmTh%2Bwr3iKnDGr9FRcwIOWqJKi0ktknVLPHxgqauKWQN4b7WstTXVRp4V%2Fd2Kx7G3krbJiQXzryuwwOqJaS5vX3m6Bniap7Ri7JnMiw0OtmMXJIu4LXkUDffvVz%2F1QQzCLreNp8sjPDBjStixj1OT%2BvUJUOEzwKKBwf%2FstXQH7giPWipSbhzyJH0f5o1FiBdPxTSuvYOb67FAYBAGWR34PGgX21IX5FwB8U%2FAX9zmytkD7l5LND%2BfWVSSY9qhzDfp6Y5Zq42WobtISlGzczqAKNrj%2B167McFp%2BXTfFlD4uGwVcAuK3ntJdO%2BH7XoNauEcRynSn%2F8orOK7nc90plUXOsQ1Hp6NiCYu6EB48WaeN2Lg5gs8E4%2B0MI2H9BtWhZ3SMHTcLlpircdRzUgq1JIslBmdxaTx7xO1%2BPPoWw%3D%3D&nvMid=29030431586&catId=50000248,2
9,Apple 아이폰 13 512GB [자급제],"1,129,000원",https://cr.shopping.naver.com/adcr.nhn?x=a85AulMei5XNw7HbCxnVyP%2F%2F%2Fw%3D%3DssNDAbV4qAOrOVJlnndP4XZIRctDp6Mhrq3MQtQGQOrYCYpaXrkpTZ0FTnmqeb1eBfiMwd2BwUmb1WE94k3oqjojkFco8tZCDnugcGDC5H9LJG4Qa4x2VD9pG%2Bx9WgKWsgEJh4zfCayYyMmsFVq42xFVd6Z%2BmZ5fvTALbBBPmfKL392rcVj5mouEkJq8zyckjp2ULzmP6XBevwloFXFA3ZzMYBx1AVSExF%2FJDG79qxZroKerklH7Yg1PDIUUPafxm0JsLPEw5RVyM9BzMOC8eucOmY27ZGze0Q%2BtXRlM4OxtarJoVrbEtunAYIkKGowOqF6BS%2FQn8QBtXnugJbqOa7rNoujdiiNe5Aky91pn4j%2FL%2FRfyAUEGGvquedOTk2rashAjshpcyO4G7wXXJ3PxB%2BLHJM06m8XkkoABSxxLFFemOsyh0bwCm%2FIOHaD6%2FrVAH1O5wdW9qvwULu1yebN9l8kP%2BQUw7izuxPHixtztdddC9o6MbEy11Jl%2FScvcuvEdsVs3Oi2Wq30p1hfP2zNuto8LSGId%2BZ%2FOYAjRfVwLnTYphf4zUUDPiY3svZ8ZRPKkCNWLFmEdOwJEiE8i98m3V3DZvEyfiGJVfqTSZOaTAoyYdHI8FZtQVGFZJxOyBDKc%2B&nvMid=29030496586&catId=50001519,69
10,Apple 아이폰 13 미니 128GB [SKT],100원,https://cr.shopping.naver.com/adcr.nhn?x=%2Fn2L6jkz0acH9jSLYeq%2B3f%2F%2F%2Fw%3D%3DsNhG9ToiO0pPxPrQi16%2BE%2Fy0SzcYMxlZIcypXfFHS2ZCGgjNtjvRyY8TaEm3AQ5UwMhapiSOYgjFM8hWQMTuVwxKE3%2BHwvJqDiq6s6xuLU4h0%2Bb5WUnpAirsGx%2FtN07sA%2FyrGL%2FXIujRnUyz8RnPozt9%2BKy%2Fm0d%2BgYWHtEf61Jo5CNclKwvLyA%2Fys%2F%2FHPPajLEpNgxrjwGzie2u%2Bv8etROGNmcbgLr0lu2cCLGgyX7c9vsepmwRk8o%2FCB4DgHhnjVobe4PEyKv8NYSxWwSTP3TqsJF1TG8DXvuOXRWh2aiSE1QmeK3ZPITzKHcbEnR%2BI8rr5My3QZRPsIBJIq1vWFeNPwlaTJA%2FSBcXnHCGloPTJcNZN5FF46Jqg7fDWNj5CaAOMM8tWC97DKIp%2BK%2BuVUhoBD40iqWaNeYMpOus5JTYBDk2nHMP4aHVCx%2FcONoE3ucOT%2BRsdnHIzNMGl8g3WFM%2BbfHOgpB6DV5aKpvGiIGVBcZ8pgTGru4bgUYhRhw82x1extAik0Dns9zJ%2FgplSY57k8DT6CW3zKSGZkhvmZ%2FU17N0%2BKs0gSFTdhwMrBXaDkDI08XI5PyQ6iegN%2B0YaDXvpxDJkUggQm5LJr9%2B0SGTiFbDf4gHI5rSMJU1BWcIOg&nvMid=29030427586&catId=50000246,리뷰없음
11,Apple 아이폰 13 프로 맥스 256GB [자급제],"1,889,990원",https://cr.shopping.naver.com/adcr.nhn?x=gNJDD2b6IdHUz8Vv4RDDBf%2F%2F%2Fw%3D%3DsyXe7PLpGFhYW73cojAcGNb5zg1yAzfGY%2FOwCYMZNbu%2FrlQPyQuHoHFsppYbPEdHaAIruYc4Kj3eljDcooBmYsqTcoNc91GF5QvpbmQHdqvjkvN0u4hbsMNY3R8JB5%2BTUMLPuiS%2FjPUNr07U8yW187YZnlrSZr8PDPdBCvs8uWtdeJxHcKH4rYUhc5SxvGs%2FQd21xfd7DUFPIJY7CJPJjZCJO7jbxAC%2FhHJnJbE9pD225SET%2FmTh%2Bwr3iKnDGr9FRcwIOWqJKi0ktknVLPHxgqauKWQN4b7WstTXVRp4V%2Fd2Kx7G3krbJiQXzryuwwOqJtLi2Mbu4L3G3eHcoeGDZjlUwchXmgn06bWR8ItCdihX1QQzCLreNp8sjPDBjStixjQaGLcMmduX4DYWfbsi2VGapIUz6X5EFJxSbujlYWXBFiBdPxTSuvYOb67FAYBAGpxy2zgNMJa1at1GSrSd0QNv7Ffkwy78LPGKRuNB%2BDa8N%2FOXq06xFLlMCwNDQObjPLcqEhOiscytOptfh0D9%2BAizahwWfuStWuqAVHS8TUh02hNVA0IClfXc4mmzJ604fEs8cFUTVf2EXpmSuc9bAhI5tqhzlDll%2Bvt3HDgsA0WEJm8LaEWGvchJy%2FtPf4W4gxyAhEKTy%2B0Zvtn8oYxIR0Q%3D%3D&nvMid=29030294588&catId=50001519,475
12,Apple 아이폰 13 프로 512GB [자급제],"1,559,000원",https://cr.shopping.naver.com/adcr.nhn?x=x8f%2FmxCEzAwb6GI5zxEO7v%2F%2F%2Fw%3D%3DsTfCUiLulMhn3W%2BFsTfPuZP2682f3Nnf56K2lTQseaFTrlQPyQuHoHFsppYbPEdHapR9D4sDRw8VZ%2FXRVeKTurLuDD%2Bh52n0FAevBHd3dlMHkvN0u4hbsMNY3R8JB5%2BTUMLPuiS%2FjPUNr07U8yW187YZnlrSZr8PDPdBCvs8uWtdeJxHcKH4rYUhc5SxvGs%2FQ4JqcN%2FBxxv5wjdahLDrWxyJO7jbxAC%2FhHJnJbE9pD225SET%2FmTh%2Bwr3iKnDGr9FRcwIOWqJKi0ktknVLPHxgqauKWQN4b7WstTXVRp4V%2Fd2Kx7G3krbJiQXzryuwwOqJMbTJCyHQcd29U7ACkMLeWxsjT%2FhiuZdHnjWbnmTMw7T1QQzCLreNp8sjPDBjStixjQaGLcMmduX4DYWfbsi2VFidmhsgNmBUvEBFROKzp7NFiBdPxTSuvYOb67FAYBAGpxy2zgNMJa1at1GSrSd0QE%2BKsiS%2BXqVbgp7r172lWiFD%2FkFMO4s7sTx4sbc7XXXQvaOjGxMtdSZf0nL3LrxHbGjZtPbYKjJiKNacJHk8BOnC0hiHfmfzmAI0X1cC502KCdEHD%2FHV8hpTSILi5JBNPcqQEfXxpDXi2s0vROGRN1E2bxMn4hiVX6k0mTmkwKMmHRyPBWbUFRhWScTsgQynPg%3D%3D&nvMid=29030416587&catId=50001519,176
13,Apple 아이폰 13 프로 맥스 1TB [자급제],"1,995,250원",https://cr.shopping.naver.com/adcr.nhn?x=fYrOrvnlCozDM0bHlhnli%2F%2F%2F%2Fw%3D%3DsX9Ob%2Flb%2FzZu3euYGE%2BC0aAuX6oWQiFTlb7IMI3kmq0RN4NgkrPIjlczCBjhk2dSMbhhWrlnNzzuipsSzVCFO25zreSRw2N%2FAHEinEnFn%2FGh4VlIufqmHzP6W%2FutFvhXW3GBkKr3ZsiZ77niM4Y8bEMv%2BjB2erv%2BZ%2Brrs5VHOiTQgGE7%2BZatKjf5hEf1XctkKaTi1gS9Bk8v8CfyRr5Y7JZbkCnZt3PKDnGtnPfTpWXV9gLRMuJH34gK%2BdKxxm2wLxTlaf5%2FiuaOH7ew%2B4arNk0Pg%2F6PYJW9LpCSumzPJoigK7CtQzZWLlur1%2FFge4%2BEpE2ZwYbiG%2Fe36JNQG4OiZiMnFrN04wx1b%2BHNUqrF7rbkbV9SohnsJOp40F4RSK4iNoAHy4hi72yIXe6367JW4Ky6UxJeah0Om0lkIOZtT9ZLxLbU57LuNzmnFLwGq45KoH1o%2BzrRdoCzTIucFXDaeGgWVjY8nGZej8sCkHDpBQ6WZZd0C6e2Zyps4U6T5DErBOxilYCt%2Bs%2Fg5ZAbpoXoi2K0gm7VvpiUOnF2jPwfCqbRP4PMPHCnudPTZjGRUD3iUYhiMzkq3v9z%2BxQAWwhRfiHMf3Scmsrq%2FZGc893RUuVLnMN4BUpi6NFTaZnfHd1XEQdAiJdwXirBRdnaxfvrBbw%3D%3D&nvMid=29029192590&catId=50001519,51
14,Apple 아이폰 13 프로 맥스 512GB [자급제],"1,802,000원",https://cr.shopping.naver.com/adcr.nhn?x=LPmddHmfAQ%2FTFxokn1svOf%2F%2F%2Fw%3D%3Ds4lb%2FJRPXiumhcH2cmEgYQCrl%2Bj5q2ACwx8MYynIn4c%2BGgjNtjvRyY8TaEm3AQ5UwHOuaH7WEbJFpNFhOXHTDFhKE3%2BHwvJqDiq6s6xuLU4h0%2Bb5WUnpAirsGx%2FtN07sA%2FyrGL%2FXIujRnUyz8RnPozt9%2BKy%2Fm0d%2BgYWHtEf61Jo5CNclKwvLyA%2Fys%2F%2FHPPajLTOU9n1bTq7tWXjznfA1Q12NmcbgLr0lu2cCLGgyX7c9vsepmwRk8o%2FCB4DgHhnjVobe4PEyKv8NYSxWwSTP3TqsJF1TG8DXvuOXRWh2aiSE1QmeK3ZPITzKHcbEnR%2BI8tWwGMjlbk1FjqXUwoEXC0aYK4D9o62OUVoNuQSoMJInqdi3Q%2Fm8V2A5jR123nAwZ1e5lF9HDBfdoKpK57iPmYoBD40iqWaNeYMpOus5JTYBDk2nHMP4aHVCx%2FcONoE3uVxrykmdUCWVn8SXvu0QPtMyI7UTAGXbjyFUSumeQoOTlE80KNwbfNxekQsGJejRksTXhzeKkynwlV5iG42bUw2N9sGK9hgxAJjxEiUItSCoFyjkC%2BlI5yKA2PJ%2FFJzTYv4YGjJCSIW1IvBxXT1wG98XbgX5FWe731tC4AuJi9WabP3qRd7Xm1fFUd6VgTZ1ly1Vhq%2FH77x9Zlr1IFzyuow%3D%3D&nvMid=29029192586&catId=50001519,92
15,Apple 아이폰 13 미니 512GB [LG U+],"448,000원",https://cr.shopping.naver.com/adcr.nhn?x=TdbWEjsV%2Fm5JbQQUmtUaIP%2F%2F%2Fw%3D%3DstexalGZHoSLSXkYcT8J0zSELKTDJpb4Fmb2MU1ihGDyGgjNtjvRyY8TaEm3AQ5UwQ7yPOxvYiUyrfNfBJMe7XRKE3%2BHwvJqDiq6s6xuLU4h0%2Bb5WUnpAirsGx%2FtN07sA%2FyrGL%2FXIujRnUyz8RnPozt9%2BKy%2Fm0d%2BgYWHtEf61Jo5CNclKwvLyA%2Fys%2F%2FHPPajLdYhB9y4xrNslRGxEX7B2N2NmcbgLr0lu2cCLGgyX7c9vsepmwRk8o%2FCB4DgHhnjVobe4PEyKv8NYSxWwSTP3TqsJF1TG8DXvuOXRWh2aiSE1QmeK3ZPITzKHcbEnR%2BI8uclu1Ba%2B%2FiE%2BELQvrZVuTmQWrWj6yuYLJ8NBmo4t5xNcNZN5FF46Jqg7fDWNj5Ca4q6P%2F1zldmQpKNpg8dHpqYBD40iqWaNeYMpOus5JTYBDk2nHMP4aHVCx%2FcONoE3ucOT%2BRsdnHIzNMGl8g3WFMwWnVScQ%2FFP%2BU18lL4YI%2F9byNHyBUXwWVD2ki0TxnNzyxAb99Y%2F8jrTJqzsGmPzyVQ09%2BO%2FjZbUWJuse9KpfnAARpOFzCbaM6OU97uoPifjr16bks2oT24tSb%2B6NcWk9yb4lvyVhmU5MC%2B2X1K6VKjzke%2FVP%2BgM94BPZkP5YJ%2Bex&nvMid=29030419586&catId=50000248,리뷰없음
16,Apple 아이폰 13 프로 맥스 128GB [자급제],"2,058,990원",https://cr.shopping.naver.com/adcr.nhn?x=O%2BZ0mSGJNVlN7Hh1qP3ecP%2F%2F%2Fw%3D%3DsCRisb74B2Yvsxie4wDFK2hYPqek0Ox79vKGSLeG%2BkdCGgjNtjvRyY8TaEm3AQ5UwPFCNkWv4tWn%2BRuBIbkQzrhKE3%2BHwvJqDiq6s6xuLU4h0%2Bb5WUnpAirsGx%2FtN07sA%2FyrGL%2FXIujRnUyz8RnPozt9%2BKy%2Fm0d%2BgYWHtEf61Jo5CNclKwvLyA%2Fys%2F%2FHPPajLCLK1IiVYHoJNpNr5Mls8y2NmcbgLr0lu2cCLGgyX7c9vsepmwRk8o%2FCB4DgHhnjVobe4PEyKv8NYSxWwSTP3TqsJF1TG8DXvuOXRWh2aiSE1QmeK3ZPITzKHcbEnR%2BI80pOFZjNN07YkZATQD4rOOfNsvBFMtVEC%2F%2FIwZWxznsLqdi3Q%2Fm8V2A5jR123nAwZsEkqrm31TyUxxpiWYQMXG7FJegG5cjolqXymF9sHTJBDk2nHMP4aHVCx%2FcONoE3uVxrykmdUCWVn8SXvu0QPtCC%2FOSQKpmiFUQRvI9TGNtDlE80KNwbfNxekQsGJejRksTXhzeKkynwlV5iG42bUw9QRtKThhk0diuGFYADdkZN%2BNgvQyNRGgrgfPs7e%2F0ulv4YGjJCSIW1IvBxXT1wG98jE8xPjU3nHjGsW549YhdSbP3qRd7Xm1fFUd6VgTZ1ly1Vhq%2FH77x9Zlr1IFzyuow%3D%3D&nvMid=29030367587&catId=50001519,144
17,Apple 아이폰 13 미니 256GB [LG U+],"506,490원",https://cr.shopping.naver.com/adcr.nhn?x=A%2FzzN2O9agacRs1cO3nb1v%2F%2F%2Fw%3D%3DsNTOWYS6%2FfCyHbI7HGYxsAl%2FnBgSL6mKL6DzN2QH54kzrlQPyQuHoHFsppYbPEdHaGsnSrvJpnt69ULw2Y69I4on0RG5l81JtxWD8kIFl3s7kvN0u4hbsMNY3R8JB5%2BTUMLPuiS%2FjPUNr07U8yW187YZnlrSZr8PDPdBCvs8uWtdeJxHcKH4rYUhc5SxvGs%2FQnwz90lFjKTTi05jxFVvTqSJO7jbxAC%2FhHJnJbE9pD225SET%2FmTh%2Bwr3iKnDGr9FRcwIOWqJKi0ktknVLPHxgqauKWQN4b7WstTXVRp4V%2Fd2Kx7G3krbJiQXzryuwwOqJv6F7zw%2FiDfYOeakH0Oy4%2F%2FbUVxi76C%2FIsbTIgO6jG3f1QQzCLreNp8sjPDBjStixj1OT%2BvUJUOEzwKKBwf%2FstW0b85JbkQLIjWdoKvPtuVBFiBdPxTSuvYOb67FAYBAGWR34PGgX21IX5FwB8U%2FAX8U60Oey03I%2BLiZk11SnK%2BihzDfp6Y5Zq42WobtISlGzbDgfm78NqUslrTiGuyy0AUKSb%2B0tRYPNggpQEh57%2BDcNauEcRynSn%2F8orOK7nc901MF2IvjnRAUwxnkCe3B8FOBinSm4lMYkLoKbdHM3oo4DfkLIyuldBS3f8m8e6nLmzUhNzs2VE%2B%2Bisqs3JAEppg%3D%3D&nvMid=29030376589&catId=50000248,1
18,Apple 아이폰 13 128GB [LG U+],"147,500원",https://cr.shopping.naver.com/adcr.nhn?x=1IHsaayHLxgEzeEoOyS0LP%2F%2F%2Fw%3D%3DsOa8DVh6B12Fc0Eqx1D8C3XkvdDhRexm%2Fn07ljT6mdtiGgjNtjvRyY8TaEm3AQ5UwaZJ%2FhZDfptxts4OmeRkQhBKE3%2BHwvJqDiq6s6xuLU4h0%2Bb5WUnpAirsGx%2FtN07sA%2FyrGL%2FXIujRnUyz8RnPozt9%2BKy%2Fm0d%2BgYWHtEf61Jo5CNclKwvLyA%2Fys%2F%2FHPPajLF5xNEd4OxamWQ%2BcHLqvQ1mNmcbgLr0lu2cCLGgyX7c9vsepmwRk8o%2FCB4DgHhnjVobe4PEyKv8NYSxWwSTP3TqsJF1TG8DXvuOXRWh2aiSE1QmeK3ZPITzKHcbEnR%2BI84LMwMeOTiQaGcimrQsH5Xd2YS2BRO1ooFYqnHoM2ZElcNZN5FF46Jqg7fDWNj5CaOuJEtqo3uSaAxLHO43RCMYBD40iqWaNeYMpOus5JTYBDk2nHMP4aHVCx%2FcONoE3ucVl9zsZvbcebfQHqQGTPjuksp9XuUdeQZ9g2FaJQ4%2B0g1HDVA0X848ldvn7fnwtgZdUuz7xAW3QBdAhdrjSW7pTL3ruaVJreZl%2BplMuLoOo8ZVFp5CRRjL%2Bql1lgPvFw7jaaep6X264Rac8g9W4hG6hGIu6BLcolad7EMTK1aRiCqA6%2BrrPkSkQjk3bFq%2FUy&nvMid=29030372586&catId=50000248,2
19,Apple 아이폰 13 프로 128GB [SKT],"1,183,300원",https://cr.shopping.naver.com/adcr.nhn?x=dBBgr%2BVA1WqaGKY71Nalw%2F%2F%2F%2Fw%3D%3Ds%2FRc3K1VxeuPd%2BS25V%2BD8Pi4Oxn%2BL86ndzsqfX%2BTlTSdN4NgkrPIjlczCBjhk2dSMzciLMXyCUmPjtDE%2FqRQoC5zreSRw2N%2FAHEinEnFn%2FGh4VlIufqmHzP6W%2FutFvhXW3GBkKr3ZsiZ77niM4Y8bEMv%2BjB2erv%2BZ%2Brrs5VHOiTQgGE7%2BZatKjf5hEf1XctkKj4VCf1oecxDRz2Xr8EokFpbkCnZt3PKDnGtnPfTpWXV9gLRMuJH34gK%2BdKxxm2wLxTlaf5%2FiuaOH7ew%2B4arNk0Pg%2F6PYJW9LpCSumzPJoigK7CtQzZWLlur1%2FFge4%2BEpsmswKWG%2F63qns4opZ%2FWKLZ3o9s%2Bdz1EtU0lCGMA9yI%2BjC4CXGTDb7Q6VtgtS%2BAnmjhEE2MQjBS1PFqwKja%2F2gy6UxJeah0Om0lkIOZtT9ZLxLbU57LuNzmnFLwGq45KovtNin%2Brw3R1h4tZ%2FeJRj8daCq6Op4HbPFw0o0VDhesTYqb3T0Tf27zz7SSPNhATX0Dx%2B4WozrdyyH7o10hfgf%2FF%2FhSi7j2rXS9wCmKkrU%2BW%2FhgaMkJIhbUi8HFdPXAb3KsfY5c93AdYHTGdYi3KltJs%2FepF3tebV8VR3pWBNnWXLVWGr8fvvH1mWvUgXPK6j&nvMid=29030177588&catId=50000246,리뷰없음
20,Apple 아이폰 13 프로 맥스 256GB [LG U+],"933,000원",https://cr.shopping.naver.com/adcr.nhn?x=8xkW9CyTihbCklgqBPUQE%2F%2F%2F%2Fw%3D%3DsxpZkrDfnucgB0RxGS%2FtlWTxNSK0g8O61Y4HVyMBpbWECYpaXrkpTZ0FTnmqeb1eB6avZYqE%2Fpuv51A%2FC3Ybvt4jkFco8tZCDnugcGDC5H9LJG4Qa4x2VD9pG%2Bx9WgKWsgEJh4zfCayYyMmsFVq42xFVd6Z%2BmZ5fvTALbBBPmfKL392rcVj5mouEkJq8zyckj7jn7XtM1goWkke0tC20RTjMYBx1AVSExF%2FJDG79qxZroKerklH7Yg1PDIUUPafxm0JsLPEw5RVyM9BzMOC8eucOmY27ZGze0Q%2BtXRlM4OxtarJoVrbEtunAYIkKGowOqZJT0HYHDHAGzvj%2BxmMp937NoujdiiNe5Aky91pn4j%2FIupaBZ3SGN%2BeiYTe%2FLYytTAHXySMr%2B6yvWKkpPbK5OfLHJM06m8XkkoABSxxLFFemOsyh0bwCm%2FIOHaD6%2FrVAH0o9xVn8quM9rQxazkOfqpIc%2F234%2FoRWkXK6TeBgKfvajriJ8H0NV5nx9%2BVr0aUV2Tdvz749QMJJ0JSDlUkANVeuiQv%2FtFj5MdBNztbZs%2BpFicchwRNwmJ84TyxvjggzFdzfaDSZuXEXF3yaErSU36v7Bt5LgfCLrlC%2B7G5O3MjVXc50eBITwugSNPH3Ok09sVpGw61BSdoQRvEGgfFlc5w%3D%3D&nvMid=29030190586&catId=50000248,리뷰없음
21,Apple 아이폰 13 256GB [LG U+],"271,170원",https://cr.shopping.naver.com/adcr.nhn?x=NPU0e%2F8LzfS74AuryKMiY%2F%2F%2F%2Fw%3D%3DsKeUVt0P%2FmmVNPe1%2F6Ty8bU7u%2FyvnkSqknLcfFQnqEUfrlQPyQuHoHFsppYbPEdHabjG0wPmOd6HQX6Js3K8983FkKS5zcX4UO%2BvJ9BF2rxTkvN0u4hbsMNY3R8JB5%2BTUMLPuiS%2FjPUNr07U8yW187YZnlrSZr8PDPdBCvs8uWtdeJxHcKH4rYUhc5SxvGs%2FQAMSjwVcmY%2FAAtFSXsxq78CJO7jbxAC%2FhHJnJbE9pD225SET%2FmTh%2Bwr3iKnDGr9FRcwIOWqJKi0ktknVLPHxgqauKWQN4b7WstTXVRp4V%2Fd2Kx7G3krbJiQXzryuwwOqJrv4l3LSX22y2Lgw2C6FhMVxgQPpfSveGxUFcahtmxVn1QQzCLreNp8sjPDBjStixj1OT%2BvUJUOEzwKKBwf%2Fstc3TMKfDPuSjd8cGIdbb5jZFiBdPxTSuvYOb67FAYBAGCXV2B8r6mc9GdpPVxGCf8U8nkK7045HdcbXgl2QuhmRBskTaofqwA6IQD8JZOZb7HewFRW5%2Bi2bJ5IWvahPNq0VIoyzOq8YcOFFkaqrmjYy%2FhgaMkJIhbUi8HFdPXAb3Z2WE6COZkZrltyanSc3x6Zs%2FepF3tebV8VR3pWBNnWXLVWGr8fvvH1mWvUgXPK6j&nvMid=29030189588&catId=50000248,리뷰없음
22,Apple 아이폰 13 프로 256GB [LG U+],"1,299,200원",https://cr.shopping.naver.com/adcr.nhn?x=mKeDiVhy8Hc9G9YEYxS1rv%2F%2F%2Fw%3D%3DsjRjBUKumH1uRkLfmkR%2F7NELFe7Nj4MgnfMKUiUD51cvrlQPyQuHoHFsppYbPEdHaXOq2F91aV346z58sJaM%2FY3v6B%2BBWM84N5rmrBqy2FiHkvN0u4hbsMNY3R8JB5%2BTUMLPuiS%2FjPUNr07U8yW187YZnlrSZr8PDPdBCvs8uWtdeJxHcKH4rYUhc5SxvGs%2FQIOdN8lTPKVMrj7SCkjvoUSJO7jbxAC%2FhHJnJbE9pD225SET%2FmTh%2Bwr3iKnDGr9FRcwIOWqJKi0ktknVLPHxgqauKWQN4b7WstTXVRp4V%2Fd2Kx7G3krbJiQXzryuwwOqJv4rpaBvq3Lzx7%2FMhhrHxJLE7Yw27G6d3%2BJq2iWr3P5L1QQzCLreNp8sjPDBjStixj1OT%2BvUJUOEzwKKBwf%2FstZSC7HJOCYcxNDUxqY7g60dFiBdPxTSuvYOb67FAYBAGpxy2zgNMJa1at1GSrSd0QKFSqyqIpilcAEJCYE7buIKhzDfp6Y5Zq42WobtISlGzjeAT36cSMbm9rziBVBqwu5dXAb9Rrwm1rHscboRVVIidSlPOZBN6V54TTL6u%2FzFsqKiG7CmVWH%2BJffZiakNt%2BeBwJo8CaHVQ0CnR2stSOYxvU2Y6hEEwGxc1AZfON9sL4VRAH%2BsMDObarUodGweR8Q%3D%3D&nvMid=29030415586&catId=50000248,1
23,Apple 아이폰 13 256GB [SKT],"1,177,700원",https://cr.shopping.naver.com/adcr.nhn?x=qXhulIoCAGsE9yACee1X7f%2F%2F%2Fw%3D%3Ds8%2FgE7Ux%2F3XN%2FXb9U8RiQvS7h8kMA06alQy7txLlEnSGGgjNtjvRyY8TaEm3AQ5Uwo0pQLy%2BnzssyzjlnUwK0MBKE3%2BHwvJqDiq6s6xuLU4h0%2Bb5WUnpAirsGx%2FtN07sA%2FyrGL%2FXIujRnUyz8RnPozt9%2BKy%2Fm0d%2BgYWHtEf61Jo5CNclKwvLyA%2Fys%2F%2FHPPajLgV6R7Mz7tF8VQRt5RiVTs2NmcbgLr0lu2cCLGgyX7c9vsepmwRk8o%2FCB4DgHhnjVobe4PEyKv8NYSxWwSTP3TqsJF1TG8DXvuOXRWh2aiSE1QmeK3ZPITzKHcbEnR%2BI8uPZdQiZrxJt2SZ0Jf8%2B3k1fNO3DT88IS%2FMl2F0oGWjRcNZN5FF46Jqg7fDWNj5CaPTeOGUw8v%2BnvLogcJgm9rzoAB5CPfNNtftGcprVkT8NDk2nHMP4aHVCx%2FcONoE3uMmntoCe8DFB1UGpHveWqKxW32lOSmcZWZg%2BfdhhgeUQg3sftLx4uFVdmAbpEXzNdzAXjjo9O78YNb9G477hhPMLSGId%2BZ%2FOYAjRfVwLnTYrURI1DeQqeKkuGAeeyo2OZiYqGafOs7n2N4R%2BDbMsODDZvEyfiGJVfqTSZOaTAoyYdHI8FZtQVGFZJxOyBDKc%2B&nvMid=29030181591&catId=50000246,리뷰없음
24,Apple 아이폰 13 512GB [LG U+],판매중단,https://cr.shopping.naver.com/adcr.nhn?x=xk%2BjE0GEH5ct%2FfbzO3i1V%2F%2F%2F%2Fw%3D%3DsRegQsfCJfz2YGH57UKSLVG02tjJmZwx0ZdiNNO%2Bu0LQCYpaXrkpTZ0FTnmqeb1eBN9lwEmlo8xbar82ZUKQyXojkFco8tZCDnugcGDC5H9LJG4Qa4x2VD9pG%2Bx9WgKWsgEJh4zfCayYyMmsFVq42xFVd6Z%2BmZ5fvTALbBBPmfKL392rcVj5mouEkJq8zyckjr4NMc7UaanlMzwVRH6BJyTMYBx1AVSExF%2FJDG79qxZroKerklH7Yg1PDIUUPafxm0JsLPEw5RVyM9BzMOC8eucOmY27ZGze0Q%2BtXRlM4OxtarJoVrbEtunAYIkKGowOqbT%2Bea2PJTaT6Fm%2Ba6zqZObNoujdiiNe5Aky91pn4j%2FIupaBZ3SGN%2BeiYTe%2FLYytTao%2BzYWP9qTdnAnfcwKGlDrHJM06m8XkkoABSxxLFFemOsyh0bwCm%2FIOHaD6%2FrVAHef3xhavT3Av5ZLUWEuT6jKHMN%2BnpjlmrjZahu0hKUbNwYHo4cZZYvF2nvFNDXNP21CQPy8lvmeq5KJtmui9r5o6%2F74bs%2FzNmznhIO5N5zjVqGvdrkrECCWrmH6%2FSXiqHnQZaIL5nKP4BZLRHMQVWiM2OqH9l6YII5ugOGfB4CYY%3D&nvMid=29030296586&catId=50000248,2
25,Apple 아이폰 13 프로 128GB [LG U+],판매중단,https://cr.shopping.naver.com/adcr.nhn?x=Vug8TpdqZE%2BU9SguudJ06v%2F%2F%2Fw%3D%3DsYTdEapeFeNN5NPDqKFUIDbH6wNvK8xjiE%2BQHjO%2Bidj%2BGgjNtjvRyY8TaEm3AQ5UwCc2YecpGuyKbUc7HTff97BKE3%2BHwvJqDiq6s6xuLU4h0%2Bb5WUnpAirsGx%2FtN07sA%2FyrGL%2FXIujRnUyz8RnPozt9%2BKy%2Fm0d%2BgYWHtEf61Jo5CNclKwvLyA%2Fys%2F%2FHPPajL%2FHNuqNLq1In6IsDDJHfZwGNmcbgLr0lu2cCLGgyX7c9vsepmwRk8o%2FCB4DgHhnjVobe4PEyKv8NYSxWwSTP3TqsJF1TG8DXvuOXRWh2aiSE1QmeK3ZPITzKHcbEnR%2BI85P8kXcAo%2BpswEmSb5OIXHcNyq0Gz4jp904LnzTFrQ45cNZN5FF46Jqg7fDWNj5CaMwuyBTN2KFtlawRGj001jlu04kXdaYr69N9dWySazW1Dk2nHMP4aHVCx%2FcONoE3uVxrykmdUCWVn8SXvu0QPtMcC49oW%2FLQviy%2FoVOG9c6zyNHyBUXwWVD2ki0TxnNzy0fqgw4lME0%2FTBGxsRAxGLjxqblUaaZKtahJE1tm0WFGP9ozmdV%2FWs5eTR9VTjChbTquXrPnvwvLsrNkByLP0TPpxDJkUggQm5LJr9%2B0SGTiFbDf4gHI5rSMJU1BWcIOg&nvMid=29030175590&catId=50000248,1
26,Apple 아이폰 13 프로 512GB [LG U+],판매중단,https://cr.shopping.naver.com/adcr.nhn?x=NEzq%2FHh%2FXPHntCSINQjT5%2F%2F%2F%2Fw%3D%3Ds2BEaReS9sPAV9b4PBj4Mu2VefjERQUqIvYcusaR5hr0CYpaXrkpTZ0FTnmqeb1eBE6lw7JDzDjYmnu0iJmUdg4jkFco8tZCDnugcGDC5H9LJG4Qa4x2VD9pG%2Bx9WgKWsgEJh4zfCayYyMmsFVq42xFVd6Z%2BmZ5fvTALbBBPmfKL392rcVj5mouEkJq8zyckj87tCZElSbVnUYpr3ool2NDMYBx1AVSExF%2FJDG79qxZroKerklH7Yg1PDIUUPafxm0JsLPEw5RVyM9BzMOC8eucOmY27ZGze0Q%2BtXRlM4OxtarJoVrbEtunAYIkKGowOqjffy1W%2BdITXKM7ukylmNA7NoujdiiNe5Aky91pn4j%2FIupaBZ3SGN%2BeiYTe%2FLYytTiH5xErv83uEZdGu21omVaLHJM06m8XkkoABSxxLFFemOsyh0bwCm%2FIOHaD6%2FrVAHjjvujtRJ5ocwNbhWNRZLzf%2FNpWB9ed0XZ%2BQGzSrNlO9%2BkXxt9yVwmMB510oiouqgYouQaM55lmW2rJANLCPyVwGE2Dqk7%2F7DptJHBb9246TyjKglvynsJNw%2BtbtCUQpnDwA9YbvzRIfYvKbqyoP%2BjwE0KAaGcmhjIDxXiPYBFw0NUJgJp6CUXauCvW7Y5AjN&nvMid=29030295586&catId=50000248,리뷰없음
27,Apple 아이폰 13 프로 1TB [LG U+],판매중단,https://cr.shopping.naver.com/adcr.nhn?x=9OcDrq%2F02EgAmjPTan4jHf%2F%2F%2Fw%3D%3DsFls0Q0LyYRkZGAoPZO0tXjLCXOVWVClGgmcxY8rrNLHrlQPyQuHoHFsppYbPEdHaqG0QX3y%2BtBVa%2B%2BNmY4AiAjGnjrsdizrrJ8gYw7JCUj3kvN0u4hbsMNY3R8JB5%2BTUMLPuiS%2FjPUNr07U8yW187YZnlrSZr8PDPdBCvs8uWtdeJxHcKH4rYUhc5SxvGs%2FQVkRv2VMQOarSwzpSjnl2PiJO7jbxAC%2FhHJnJbE9pD225SET%2FmTh%2Bwr3iKnDGr9FRcwIOWqJKi0ktknVLPHxgqauKWQN4b7WstTXVRp4V%2Fd2Kx7G3krbJiQXzryuwwOqJ%2BrEFlypffT4ZstHYLhmZPmJ9Ogmzs9qGTNfH6d%2FawXj1QQzCLreNp8sjPDBjStixj1OT%2BvUJUOEzwKKBwf%2FstffPz4Kzo55hV2wPEerKZpVFiBdPxTSuvYOb67FAYBAGpxy2zgNMJa1at1GSrSd0QKlYg3c5nCsOMxqWVMV1WnajriJ8H0NV5nx9%2BVr0aUV2eMr%2Bdn%2By2exSNYYjO74lEwQ7g6NyRWXGKi9eMGU9zIe%2FhgaMkJIhbUi8HFdPXAb3%2BLoNJ2RJNS2dSXoCgYEcr5s%2FepF3tebV8VR3pWBNnWXLVWGr8fvvH1mWvUgXPK6j&nvMid=29030294586&catId=50000248,리뷰없음
28,아이폰13 미니 128GB 공시기준 Apple iPhone13 128G,"39,000원",https://cr.shopping.naver.com/adcr.nhn?x=8b8T5GLnAXbQTauYSKQWYP%2F%2F%2Fw%3D%3DsEn7Da2NzOI35aA4Ueim2ToU8MUwKt5vOdLvrhI37OYFN4NgkrPIjlczCBjhk2dSM46SkxZQqmfLxlgsqRJvBw5zreSRw2N%2FAHEinEnFn%2FGh4VlIufqmHzP6W%2FutFvhXWqZpV1afiooetetomzGVb4qo5YEmCu22RHk6o03pGxHyr9N9rARz1GwL8SD%2B61y0rsw80HLSwpEv4SjQ0vaq3vAT5HsegQoLVQOvUkS6oEsXYOlN38zccqm45vWgjQ54zqwkXVMbwNe%2B45dFaHZqJITVCZ4rdk8hPModxsSdH4jykC5XYi%2BL9%2BTOsYUQ%2FK67Mry3oL4ay3Fu3rOsaPaAT84fE2h956A8QQSp128tUNWzGDEaCEfqF4FSBWNAim8V3FCJLeTNMiIpdd72TMnUFRzGfETrbe9%2FdsnclBgNV1lDwDVLNQce3TyPKDZ2jwK1QAaFXnmfMyWTqraUm7G27TafqsRbjVEZk%2Bnpy9aZfwOvj%2Bg3RUGKfmsUY7WzUungFbv%2F9AzvtPDQGhLuUdLnuZMKR3YKlD9qGAl6gX9HvZO5IPNJPkj78XMkZSULEAagi4pyrFysU1w8MTL641B6dpFaFndIwdNwuWmKtx1HNSCrUkiyUGZ3FpPHvE7X48%2Bhb&nvMid=38665575984&catId=50001519,54
29,아이폰13 프로 맥스 256G 자급제 새상품,"1,475,900원",https://cr.shopping.naver.com/adcr.nhn?x=BAgy42D%2B%2B%2BaFHuyrJe2x3f%2F%2F%2Fw%3D%3Ds20tzzkweFTOP3z9EmxhczHQj1anod5W49HmImTaFJROGgjNtjvRyY8TaEm3AQ5UwC7%2F96bR4QY0lAus4oq4cc2m%2BoSKgeYvY6LodkLl4006a6AHsoWh2AjCpuWnECMMADqJ2lrL%2FvW7ViVRdf8uXPFi393%2FfVqWWsor6vo8eno%2BO%2FsdgQE5FIA0Tw1QMogpForteapXM1tcedJ0PQ9Iz3N%2BAKvk4sSqNREM4gVJ9pylSqT%2FuzjwQTocCZ8qbJK3T%2FOIq6qLqW%2BXB7aAhUB%2FZQCVdN3LpKf%2FbKuiZi7z1XJTOPwWWb0IC0zi2HZgeED9jmyljz%2F266z%2Bx2qoggHtXCRtX1KiGewk6njQXhFIriI2XIoC22aXy9xgPj1SBBt2fzfNVo1KcSVSazeZg7M%2BAaS0ixOcISb1TOfCVPoa06afQCmOtsX2s1OZJAzk6k9JPwiuzEnDQHnZbrY40%2BMPjXh2hB0PvPhVNmcYc5mX2ApZd3dC%2FBX%2F45225qymqtFssrUh2MJF6EeCx9ihcczdTssvTtug4vCjEvohqOyQz59mHGIbQ7jXA%2Ft%2BjVGbRmTv%2Bg8HD7QmO0w3CZ%2FoP7Ba3z82OqH9l6YII5ugOGfB4CYY%3D&nvMid=32748923358&catId=50001519,1
30,아이폰13미니 iphone 13 Mini 128GB 256기가 자급제,"898,000원",https://cr.shopping.naver.com/adcr.nhn?x=GDqv7fgqleSy%2F7gqywfJ7f%2F%2F%2Fw%3D%3DsDLixRL9JMhkdTXVLkiJewrOtheEDHr8NTzmvym%2FOyFSGgjNtjvRyY8TaEm3AQ5Uw2PSa5PtY17aUrwbXJc5GHmm%2BoSKgeYvY6LodkLl4006a6AHsoWh2AjCpuWnECMMAHMjT3YGKVj44uh1R9USJ3EuRuCra0V6kWdISE25kd8Ez96mHgpwZPGvTCnW09NTenBsDSmBSpiRAIrO6VRyFrvJrk4oTC6Iz3kpzDMuLRjHZiSDVrbWTfDwSvD3vZUWjypPajD6yKnwusQqEpnlTc5S1yd62COp7ZloUf5Z0DGS%2BRSsulxzuZh91kr9PDkB21T%2F4k0LKFBjrZGXKPvgkOPziKuqi6lvlwe2gIVAf2UAlXTdy6Sn%2F2yromYu89VyU15U%2FIyNV1Sc6OjYcw00xLbCPxC0BB%2BRLALbdFV6egi3HvY%2FUzN94OzIr5wG3PfiAzpfdp4SuFGm%2BmdvGfGqqHkdzM1476Bi9QlrOqQ5ZzeWrBhOLssYSrGtke4YLgNVVibiLl592%2FhwPGLHWGY4JeFEsshZcKx5qTsj5TlI2EUSlwTDjsM29CzbRsnNOTTIdPrVlbygv0tKssIvhN%2Ba49cnlPi53VPemFA3eVzW87OCH0ORbCpo6A1PI%2FNvVILe%2FjwYpjw2cDrbWY3K8FHJWfSnW5Qthn7ypTfSHb3lt4MsHWB4R0vO4yOtZligQOjSzaGimR4pR27mrh1IoDTOSgA%3D%3D&nvMid=40982595125&catId=50001519,리뷰없음
31,아이폰13프로 iPhone 13Pro 128GB 256GB 512GB 기가 자급제 그린,"1,148,000원",https://cr.shopping.naver.com/adcr.nhn?x=Tb2NNiBeWOe%2BXF%2FLfIQmBv%2F%2F%2Fw%3D%3DsE%2FTHo4713op8r2PSL37z1t3yywMO2yzIHlZBOa8NvOQCYpaXrkpTZ0FTnmqeb1eBYzizn8n8ajpwlZUNqm0Nb6rnInE9bEFmENcshPAtwh245x1C%2BEXmIK56181969FahnePkjtQ3nyKEx7HkDnntDMykBI%2Fzq%2B6BKlA%2BLtsshKvWNb7mFsitkT8U8q49Aj3%2BjHvoxf1BLDZJdoxwib76mQgo5uf9RP2VHSvVOBbQube8EpGL%2BBjRuoFLK%2BL%2B90f%2F%2F9TOuezNPmqfqEV6Okc59wZdcHTHfZoZrV1OYS3mlhfAQbumsU%2FMPgMdg%2F96cGLxTlaf5%2FiuaOH7ew%2B4arNk0Pg%2F6PYJW9LpCSumzPJoigK7CtQzZWLlur1%2FFge4%2BEpJS88HsJnJuB4M1R%2Bi38FShWaWYkTj7xp9KvzGz7%2BZegbV9SohnsJOp40F4RSK4iNLwUcDsef%2F37dclOhoKIaKM3zVaNSnElUms3mYOzPgGmytI0SqA9rlTPnDVJ6No62mYBfQLrSWEv54tmeUchqtx77jXY3ehzJqnKujlOYV6XAd9Cy%2FaugSfYelawe3re5FplSRDAqJjdY6N0h0e6PxclN1kJRelx287lBSKLL8UffqsKENTAzsxAmcCOvviHi05%2FiL3MWsFcTbnjz%2FZLXrbgJQyPS99BdMuCyR0BXQEeeKAvWuypzludV9VP92yI%2BHW2yXS8DUnrU6rDPyDilX0HQIiXcF4qwUXZ2sX76wW8%3D&nvMid=39973081493&catId=50001519,1
32,아이폰 13 미니 통신사전용 새상품 완납폰 (상세정보확인필수) KT 128GB 핑크,"296,000원",https://cr.shopping.naver.com/adcr.nhn?x=CbMgDXEazg7Kv4Tij84CPP%2F%2F%2Fw%3D%3DsKzCH9jY6ak2FWQZdkRzZLyvgZ%2BT9mLWd5%2BHJNwvm5PjrlQPyQuHoHFsppYbPEdHaqxQG44tuBzYdTtMCkFd4FjkkpVBUjCzgrSrhRgESNJSDIx2y4N5D2ORvjFgRrWx9tJu6lmHh%2Bt%2BZUilW8JRrtePYFsKOGABFhj5ZzjFkFAeKjyp0s01e9YG50wI1msUPOeYJNSNZogGKSakhQOoutzzlco0p4ntc%2B%2F89Ldp%2BeSnK5vwNRq6tK2Liaxwm%2BOHvkke%2FLw0N5%2FfUfmBxkzpW4vg52GqpbZKjLCkTx4Jt4Ms1fF94S8csqjj3%2BMt8LFF3hE5Msu4GnylA%2BHw1Ir25CdsGifgqn7MmDUNT3qkIiSjBz7%2BORHa%2BX777%2F5U82WuFRDpykpOqWZgZqWcBmVwRDV98vmg24r8c2gbhKFHTsGXf5TRm4ebkeqR55xTMCpWjtpwterczoIlBKnP0Id%2BfgXBFbDmGW2zT8T7StSTCbKt5PGzBKmO2aXL3EEnbZDKYmy5q9BqovtHcNIQfnD9V%2BgBXMKjarnG2yaQMiu25bFjSiw93P4KJ9qt1gxPiDQsmlHG1t86sZdIcQaBjLMVbF%2F5L9aMuaFbW2Ri5ZJnPndhIIEWVWcSTpDpr0kRP48iQpZF%2BuO2XY48Pfq%2BTHL6fmqDSC%2FLqgGtm07eeiAgsylNPrvDBiuv%2F%2BaGivreLpWRpCr0gdpru5pxiZsJXQ98yOXIUluoRwZvO99dV1MW5molJT0cErnmItcpb8TE5WsE8hWw3%2BIByOa0jCVNQVnCDoA%3D%3D&nvMid=40775144886&catId=50001519,리뷰없음
33,아이폰 13 pro 128GB 자급제 미개봉 새상품,"1,189,000원",https://cr.shopping.naver.com/adcr.nhn?x=Ov4Wwd0YUWJt%2BavCt9CqC%2F%2F%2F%2Fw%3D%3DsQkzRuMqJY3zWcA2PVgvI5RktmxXgwK5Ut4MoYDmKWu0CYpaXrkpTZ0FTnmqeb1eBGEwXvWHGlxlHzoxJrIludKrnInE9bEFmENcshPAtwh245x1C%2BEXmIK56181969FaLM03xzDfYrbsrPuQ4TcES9TJO8orONquYDv3WICli9sHmZR3I0lwYU2VA%2F%2Bees7Pw%2BVVfbD%2ByvRVrgzA0nMdqnIn5UwRuYNSBjgwEL0UOYU%2BD9ybPzdwiFAmO%2Byu6GzYy%2F6MHZ6u%2F5n6uuzlUc6JNEuUiTS4CHUtVxQrWeRhExhDrbxMFbyPl7S6he1n2Za03np7wWGJqVsWkxdVzrzCsfXB4m7nCt%2B9FQWAi7AA2Kix%2FsYH6ugGuUTc7Bf9hb%2FCmBr3q%2BROfLpCp6CYDtou3rfBA3tjaQTL%2FM6dgfuyZSdimq9oOxn%2FyhshIKVu%2F6VC6DdmUazCncR%2BAD%2BiboiusKWRfrjtl2OPD36vkxy%2Bn5pdh6Drnnt9FoHeNG42V9AFPNRouOLVBR9bkVCm5wEj0MzLHrNgqavOROZB0h2%2BHMfc29y5LAr21ff2mZDYcaFiC3jQN2plkAkEq1ZZCN32vA4SwcLvxUEucVmH%2BcOht40%3D&nvMid=32441925414&catId=50001519,1
34,iPhone 아이폰13 미니 128GB 256GB 5G 공기계 자급제 A2628 삼사호환,"717,600원",https://cr.shopping.naver.com/adcr.nhn?x=%2F8DdJXCFAnrWFPNPrLTcw%2F%2F%2F%2Fw%3D%3DswWRGjW7pEwdMQ6s0y1aiCOwL%2BzwXNO92Nrpxfdf%2FpwmGgjNtjvRyY8TaEm3AQ5Uwu1xVyM83FRCPygq%2B%2FCZeoWm%2BoSKgeYvY6LodkLl4006a6AHsoWh2AjCpuWnECMMAHMjT3YGKVj44uh1R9USJ3EuRuCra0V6kWdISE25kd8HSnrHeKThDO7Dx%2BjKkvX5aEtpaMnmangqDAB8cwqPhRRXK7v2eTdqC0sx%2B26JjxZjK3sWV%2BB3hvRJY7OCkye%2FNypPajD6yKnwusQqEpnlTc5S1yd62COp7ZloUf5Z0DGS%2BRSsulxzuZh91kr9PDkB21T%2F4k0LKFBjrZGXKPvgkOPziKuqi6lvlwe2gIVAf2UAlXTdy6Sn%2F2yromYu89VyU5E%2BCyz4uZcSlNu%2Fh7cgGWflRa1QxmdBbkv1fIAQwD4vHvY%2FUzN94OzIr5wG3PfiAcveh74M8ABasVqCIuMAdiAv7BvSZonxJ6V%2FypanvNopZGNtOTEoXiC7ERKZBmU9yO8W2x%2B6GOU44hjY%2BL21bpBHrlPrb04yYhN7reY7Vay2dnx6erTpT022Q%2B%2BTpp53uG6MbgqBul8mbp%2BuzJfpXzsJhRvL07JMDimUWn0%2F1JFOIilD0ktKe5dhUs2euBGE3xtcDcgK3AtPrAXoe2M3PDcKR3YKlD9qGAl6gX9HvZO4IDh02IggU5780R2XJ8Ag%2BL1vEcC3r9FszllTj6Qtpo1aFndIwdNwuWmKtx1HNSCrUkiyUGZ3FpPHvE7X48%2Bhb&nvMid=40906225312&catId=50001519,리뷰없음
35,아이폰13프로맥스 512 GB 영화 CF 유튜브 촬영 렌탈 대여 임대,"299,000원",https://cr.shopping.naver.com/adcr.nhn?x=VYZbxpy4iANpZRqyxC%2BRy%2F%2F%2F%2Fw%3D%3DsE%2FO4tUIFHrCVxzdahfTP6nfXgvCujEx8K51xjgAq%2F71N4NgkrPIjlczCBjhk2dSM2NqyiMKG109YBJXCF4PFml3DZEYKPPNMtH4FGpD2LQzVVAGzEe9KXkjhypff%2FV5F25IaMksVgPAnNleQW0VSmcVIhUTYq2J1wF4XcKD2AOWkOA3ZateG%2FY8eKxwX1E0N9wEBTlh320cG5WZGi81PvE%2Beyq07JaVmG52SvcOErtSAbCY81f975eS5nfR25FBiP83WAv8GAIoQ0MwLPWeb%2FebUcJ1GiKDdk1j4ecWAFOKcytcg%2Fwge2m%2F103evWRsw%2F0X8gFBBhr6rnnTk5Nq2rPkZVqh%2FST4t9nzV5PcOyGlIa%2FIDcyjh15RQN5IM5zaTohVj5q52jnGEgbG4U28rcnIDKB6Ue13ASdhX%2BJjO8lcX6w35hZgkLMUW%2B1Nn58mTv7gsyim0MVbL7HKp5NQaaMaHZbQeh6HBycp6c3XU%2BlIv7nGj1QPHWdknB15WZVH1825tkJi0vaIYhrEksxMFqCmEzheSrB6vooBgHNaQHmcOGCAZM%2BeoTWvFsbDKobzIxFIKZSkor72I81VuFlnBEc4bWCCkA97qTR1xSM2692LNjqh%2FZemCCOboDhnweAmG&nvMid=83702271293&catId=50001519,리뷰없음
36,아이폰 13 mini 자급제 256GB 스타라이트 Apple,"997,350원",https://cr.shopping.naver.com/adcr.nhn?x=xcIWqzMMoLwHJ47%2BXqlvWf%2F%2F%2Fw%3D%3Dsr4vDlBeY9snvPmXnGDG0EFhyAHdmBRS5lI%2ByXJSh9gCGgjNtjvRyY8TaEm3AQ5UwRAqzlWz50jbu5vK1pN489Gm%2BoSKgeYvY6LodkLl4006a6AHsoWh2AjCpuWnECMMAHMjT3YGKVj44uh1R9USJ3BzWbUP4hsfkDiMh%2FeiprrdhOluJ1tWQQiXRTgst1zfMd6bHlna6LOLB6PkUuNvGbhcZTESvesdOhIGLumEj5VnQKs7VECOCH6RiXWJE6IjEnXore1hdoeYc%2BP4T0DILqJVhaK0ZD7qp5zckf%2BfgrO%2BQtiu1xPGCFa2BLi4lmrUezVeyhFRjcUMAqCdi%2BPrWu%2B4bNCd8P51yR%2FiLAAQ%2FeN1r6kdrp7BvT8OlwZ7P37YyZp%2FuhVWf5tMOyu5R2EADu%2FMRrFP8yHCpiaQfYI0N%2FOWswzOwDYz%2F8g2%2FEftKomTp9cHibucK370VBYCLsADYqOIuxBwsMsGmdxDnR%2Bz2nAeYGver5E58ukKnoJgO2i7eZu4C4QxzR8Lg1KBZKrR%2FsYAV14bcmSViYETGWD%2FjOaBzJoIXKVLUezHYe07htGuDfnTUIKzsfgzFy88h426DA2%2BaZYhy4nLIvEvBLVS2jiv%2FDDKvKeAiXi4AYAIeU4bdsQocLEGGa0wsleHc2pFkrWF9wrJDc8J%2F0OQQ60JC7yxFKxoxWW7QYeL0G4OfBH7Sb1NmOoRBMBsXNQGXzjfbC%2BFUQB%2FrDAzm2q1KHRsHkfE%3D&nvMid=39872708609&catId=50001519,"2,466"
37,아이폰13프로 iPhone 13 Pro 128GB 256GB 512GB 자급제 시에라블루,"1,147,000원",https://cr.shopping.naver.com/adcr.nhn?x=hU5KgjR02ME1yPhUbbigMv%2F%2F%2Fw%3D%3DsGa9%2Ff%2FQ7pvapyEoFc3JTx08ojrrDounsC%2BGhBVT0wYmGgjNtjvRyY8TaEm3AQ5UwHXVsPmare7i3LGmUgFJv12m%2BoSKgeYvY6LodkLl4006a6AHsoWh2AjCpuWnECMMAHMjT3YGKVj44uh1R9USJ3BzWbUP4hsfkDiMh%2FeiprrdhOluJ1tWQQiXRTgst1zfMmq9AklTF7YUd8d7WFBgPkxWi0H4Tfj6kjb7IZtIhTc9anH%2Fkcy3IMEyzEjn%2BaDk6V7tUxWSD42DabOJJiLVgqevv8OUrW353skLMdA6PND8TEnq2i1d4IC6mmp3oprdJfH1LVIlJ1rzpxfboejZ%2F7PziKuqi6lvlwe2gIVAf2UAlXTdy6Sn%2F2yromYu89VyURVcdCwT5%2BWmZOlNRFDN8HrIJFIqQF73ZMnLh6V7YYPh%2FlLnJwMa7Bt8R2%2FUDqQrCZHD8hqCP9Tg0Xb0nrI3pcaPzThiK2F%2BBl7w3XDMzClKBzkUeIkmcrfmfbKHs8oAMNIeLts8SWSNGxDH7KmZ1Rw7l5DpYAmp32omXo7UI%2BsgtdkCoIQzNPw7DxZ5DeOXjLZqUh2cQo3PVEwfsdTonDH1tzRD%2FxQ3oU8jjxgVETCZqwcWm18NkT%2FMfnyd%2FxdKr1cySkuVthYOs%2FCz1N5H30MvTtug4vCjEvohqOyQz59n8cDemQw99bQ03YVcRSE%2BAyLsXkPv5cMObPiiMg8xxLs2OqH9l6YII5ugOGfB4CYY%3D&nvMid=41252673831&catId=50001519,리뷰없음
38,아이폰13미니 iphone 13 Mini 128GB 256기가 자급제,"862,080원",https://cr.shopping.naver.com/adcr.nhn?x=0aHS6yGGp0CgA14%2BXQxGXf%2F%2F%2Fw%3D%3DsVDoAWp9ebnXbaZ7tFhObT8pez0WeJZGksdsPmnFF0BaGgjNtjvRyY8TaEm3AQ5UwlWkQlPRMk6sef4RHodvQJ2m%2BoSKgeYvY6LodkLl4006a6AHsoWh2AjCpuWnECMMAHMjT3YGKVj44uh1R9USJ3H9jBvQF78L7i7pnL4F1ZjMNaLo85e6Ha77aQ4Q%2Fp7sSCq3iKqLj%2BRWT3kLVMX8TXaE37oFT0tbpWytAhWawBf1ZiYyntFWm5Uc1MFLUkVlmNGpAb%2BNAQlohDrlGv1X%2FfKsJF1TG8DXvuOXRWh2aiSE1QmeK3ZPITzKHcbEnR%2BI8fZQCcOAja7IZV7kAn8MrgiC1m1mCSOBagE9ptmkvwHbqdi3Q%2Fm8V2A5jR123nAwZ2F2Z%2Fnhq8j0uR832fkBP6tgPKPvjMl7P63D84nusuMEdEBHX9waODZT3%2B49tgwcYqdzV%2BcQG%2BPBUnn14F8J4ojgR2Pq1%2BdxNCO%2BJTG4xmxoRX86iPKlXJ1LVt2Gz8Tk0C%2Bp633m53JCQqoKkv9VJyJz0%2FIl%2FEgTYErgKLInFdnw2IWAinpDwg720zBf8CUKXTkbLbs%2FZ5b7F%2BO7rCAS2VCWlbjN7PJ4rvi%2F8Tc3DKZcbBzTr2g8kYMuNnxpE2qsiHRyPBWbUFRhWScTsgQynPg%3D%3D&nvMid=40983851141&catId=50001519,리뷰없음
39,해외아이폰13 미니 128GB 언락 자급제폰,"699,000원",https://cr.shopping.naver.com/adcr.nhn?x=X%2F177rWpQF5d%2FIy46QCG5%2F%2F%2F%2Fw%3D%3DsvMaaJyiX8eMRzFE0Cnwl78KxxjlQE0%2BOdi7VY9zrjEHrlQPyQuHoHFsppYbPEdHaedpqH5AicXO7OJba3Ov%2BZR%2F%2BcCLd%2BIDN%2FTcVFlABW3KDIx2y4N5D2ORvjFgRrWx9tJu6lmHh%2Bt%2BZUilW8JRrtcmscUZuB%2FB3GA4tAdwd4kJn0E%2B7lsL8Xc%2FJzL4VwihdvpoB335Uf1invVfPZwlTxMU5Wn%2Bf4rmjh%2B3sPuGqzZND4P%2Bj2CVvS6QkrpszyaIoCuwrUM2Vi5bq9fxYHuPhKePfgCtCE2CBaUgnZ%2FMDIYXwM0gor5H%2FSqRd7DH05B7WV36ogsAbT2GMBHUreotiQAkeyHWZBKe9X2kDM7n0Ftl%2F7kW3BopStay%2FlRGBGimzoM9IVg5FlcjwhUps8RvIqK7BjgMqClZzxO9K%2BKtKJjlTe%2FiR1wqBolPb%2FewGZ3VXP9V1DR7mNgqmT0jS3Rome7FVGRgxVy2VC%2Bw36Yb0qQw0MYIG50J%2B3qJjzwNjwdC9kC0Du%2BWAY0%2Fm1%2F6PL5ga8vGCRzYRUuPbvx2zxIX58lTHcZRP1BPjZ3sbk8yK9JPMA35CyMrpXQUt3%2FJvHupy5s1ITc7NlRPvorKrNyQBKaY%3D&nvMid=86473182724&catId=50001519,리뷰없음
40,해외아이폰13 미니 무음카메라 홍콩 애플공홈 구매 듀얼유심 전세계 배송,"890,000원",https://cr.shopping.naver.com/adcr.nhn?x=mqLa9%2BFSiHHJNLK9ioLHev%2F%2F%2Fw%3D%3DsFFCUjEftdQiHRYA1WWDe%2F1oNA%2FnLZd0TvS80YSmBCD9N4NgkrPIjlczCBjhk2dSMg44bxpgapPI6HY%2FT5ItQpV3DZEYKPPNMtH4FGpD2LQzVVAGzEe9KXkjhypff%2FV5F25IaMksVgPAnNleQW0VSmcVIhUTYq2J1wF4XcKD2AOWkOA3ZateG%2FY8eKxwX1E0NS11zxIWrB3yM2Gj6ZcG4r0%2Beyq07JaVmG52SvcOErtSAbCY81f975eS5nfR25FBiP83WAv8GAIoQ0MwLPWeb%2FTp77QEZK8TDgZiRXa2cbQxpdq%2FsdbeQVUWVtUTcnKOx%2F0X8gFBBhr6rnnTk5Nq2rJEDMXrxOQruyLBjAGT1jEBIa%2FIDcyjh15RQN5IM5zaTO8W2x%2B6GOU44hjY%2BL21bpP78hYzYuYP0ZOepsTyOP7rDsnqPNI0DjvwNN%2BjM7l5%2F9A9EQzse7%2Bbpwr9Wu0dtP3nwxyCyKumN2aQP%2F4bIZPh0X8psY1hPWQSBJRTsn6t1azwpQJA6WFw5tDLM%2F4edvqSiWZFwboQbvT0Hznkobp90fSDbPWacYjnpFef5GzFxmOG6zaWfqdOblCZe%2F0T6oxkSk53PI0hftz2YhRVi9C0JcI60mQLi5iYc4jQ0%2F43uhWw3%2BIByOa0jCVNQVnCDoA%3D%3D&nvMid=83409625439&catId=50001519,90
41,애플 애플 아이폰13 프로 (13Pro) 128GB 자급제폰 기기변경 KT 직영점,"256,000원",https://cr.shopping.naver.com/adcr.nhn?x=EauX49YqQ%2FYazNWA6H6QPP%2F%2F%2Fw%3D%3DsNU0ymhnZqDPHhJsdUrHVZo0tj8nPGXzrCSKJK%2BBm7FeGgjNtjvRyY8TaEm3AQ5UwhiSl6xCZdyD2Ui2pmxycgWm%2BoSKgeYvY6LodkLl4006a6AHsoWh2AjCpuWnECMMAF%2BLBfGkr2EuKb1KlQiebqMNHgaylo8oOLD%2BoSlOgwQ0CHQNNLjv%2FUbY4TLZErh46nWEvOGuolWh2nL4j0x46nPOr%2FbYolZdQP7ccarjzf4wOTgicCQR3b8gA0BbFPfOIpOr9sPYwajBkeE07IGGkJ5SCPsmGKllbt0kl8XIxCXTEV2ZpiIYnS%2FsdBl4PPAmMhqQvwmR%2FqlT0jQuNbOPrwo5GHpLFOK6X%2Fmv%2B2QMLXocPu9J5gJ4lphrj01lE3XinG3V5kR2aoUxWKHkGQVuhcqhYahypTALRtOsn3ak2p5Xhoh4qHrsxUnbmOu5bdJVev65NfofhMJAgtxx9Zt%2FIHLrUyXVmPXpghIjnKPuZvxYBy2en2U7lpDV%2BdWpw8K2nC%2Bp633m53JCQqoKkv9VJyJmqa2MDvl%2ByAJajELUNtfM2IWAinpDwg720zBf8CUKX%2FJmo9%2BD3KE%2BSf0QxefxWqX2kf4AhdBArOoemWaGTyWESC%2FfcxCY27OrLcCfK0FwsQdAiJdwXirBRdnaxfvrBbw%3D%3D&nvMid=39558710386&catId=50001519,리뷰없음
42,아이폰 13 mini 자급제 128GB 미드나이트 Apple,"874,000원",https://cr.shopping.naver.com/adcr.nhn?x=xtFdMatfbcfmgTx9fpV4of%2F%2F%2Fw%3D%3Ds4lhq5ff2HFC7ohCBcY8Cg4oGdCIAG4v7GDNSwXZhSmnrlQPyQuHoHFsppYbPEdHa%2B9C656l4ft9Fl%2F3vhGsyPs5D%2BeGjyK26bEVgX%2FlPDvaDIx2y4N5D2ORvjFgRrWx9tJu6lmHh%2Bt%2BZUilW8JRrtePYFsKOGABFhj5ZzjFkFAeKjyp0s01e9YG50wI1msUPhccDuMc5z4LdpGHOH3GIHXqfAVVklzQGCd7bqx4WVMSHclbTWNWHDVPTcZA3%2FVZ6uJDQs95mUAFWPIhW9raIBQNLRvXA6agqgfA%2FnFM6p%2FhNeWd5VEpkbQzLaGjkHoa5Ek2IH43%2FXx%2F38qd8K5kT3lNogvJa9EqAfd%2FYYHQf%2BEQ%2Fa18qhDQ1A%2FKJp3fgBDor391W%2FC1w5SVs2sYtTdFSerbA%2FyRae8p3bsOiRLKixvoghK9ccmOhhZErthqMSAxd%2F0X8gFBBhr6rnnTk5Nq2rHnGeEsld8tx5efjaS%2FuNwVIa%2FIDcyjh15RQN5IM5zaTuycPGUmE%2B%2FkBn2xUmVUl2DgZH4JSoRb30E92AHG9Ef6ZUgLbRoW7T3Kr8RkUD7Nj%2FYY9qDlIDK%2B1qWnVXKgytCQez0lI7JQTS1tAXPjZLx9%2B%2FItcVB7LguFEop7vjIhb05%2FiL3MWsFcTbnjz%2FZLXre5%2BHdGA00SLfbnQ2dr7zNSnRm86gN7Iz78hYf6GFSotzWV%2FjDiluruq07fUFwr7O0HQIiXcF4qwUXZ2sX76wW8%3D&nvMid=39863645739&catId=50001519,"3,194"
43,[갤럭시] Apple 아이폰13 미니 128GB 미개봉 새상품 KT완납폰,"40,000원",https://cr.shopping.naver.com/adcr.nhn?x=ShpUlnSn9%2Fc4y%2Bfids2uvf%2F%2F%2Fw%3D%3DsrTmqS%2BMP5TmeoQx2ximdV6sVrn0bgVkyRPM6Tzk78%2F2GgjNtjvRyY8TaEm3AQ5UwCnQjfITjY64A021OQDG8r2m%2BoSKgeYvY6LodkLl4006a6AHsoWh2AjCpuWnECMMAHMjT3YGKVj44uh1R9USJ3MQfcp7YXkf%2Fu%2FXnNGbHLRRWR7fx5yQI121h3YIs%2BgYPxrgbkemE%2B9flQGh4zPwRSeGXaoj%2BpZeuESWVnHGLXIYCmUuBGjDPyXymgV97gsZVqC6IfftJ1ok4TummOzGU7iNraeaiJ0KSea90d91ihHX84irqoupb5cHtoCFQH9lAJV03cukp%2F9sq6JmLvPVclB2yGSl3GOfJnsb%2FzhvQeRj62vgeGzlQffDxLW8pdf5Pf5S5ycDGuwbfEdv1A6kKwuoyGMBTgWRRtuHTbWNKEUFJSXGa2w2pb8c%2F7pjXiSV5KhOl5Jh%2BXRm%2BvBHxH5zpkGjWRij94XSmeJwsti5Of9E7ZwGj4ZcK25iKE47SH20QnV%2F3tTaN3o4%2B0RfveE00nAYyc7G1TRh%2FFuIx1X8aB1hdnvoolkKVNouiKxvFitIQIJ2dLfbD5pdefC2wMvZIr6dFjNWVdDoNNEYLVw4tIE6xChwsQYZrTCyV4dzakWSt0gdc1v0mMVovmUSfG1TMdE5mPGj%2BbjtI9In4w1dSBp5vU2Y6hEEwGxc1AZfON9sL4VRAH%2BsMDObarUodGweR8Q%3D%3D&nvMid=40016543647&catId=50001519,리뷰없음
44,아이폰13프로맥스 iPhone 13 Promax 128GB 256GB 512GB,"1,398,000원",https://cr.shopping.naver.com/adcr.nhn?x=t1p7%2FbpPuJV8MxpU5lWiE%2F%2F%2F%2Fw%3D%3DsSfCj4viT8MB5%2F%2B07RtbgjDXXSpbkmqqIahITScd1mWCGgjNtjvRyY8TaEm3AQ5UwJnZ77Wi%2BesF7Hmr%2Bw%2Bl56Wm%2BoSKgeYvY6LodkLl4006a6AHsoWh2AjCpuWnECMMAHMjT3YGKVj44uh1R9USJ3EuRuCra0V6kWdISE25kd8Ez96mHgpwZPGvTCnW09NTehgfNSRMObcxiFUW34HMgkir64u0FkEMxwEFwICfCGNFHvG1uUdUVpSkeXSU2R6wMypPajD6yKnwusQqEpnlTc5S1yd62COp7ZloUf5Z0DGS%2BRSsulxzuZh91kr9PDkB21T%2F4k0LKFBjrZGXKPvgkOPziKuqi6lvlwe2gIVAf2UAlXTdy6Sn%2F2yromYu89VyUVepAqMhJa6I96ExfBpIIaaUQQUAdPT8e97K7Tv7bS7XHvY%2FUzN94OzIr5wG3PfiAOSzFQA%2FnWl48sDJdSkgPtvtc2gv4bP3yyYWFWyL95t6rBhOLssYSrGtke4YLgNVV4VA6D7Ze1aArJYbae9zdjD%2FMpb%2Fdf7WfK%2Bj%2F0Gh6XSce%2B412N3ocyapyro5TmFeluZKdotjK5TBmb1m2Xcvrx9CujRttyQO%2BGL5EjbJgUiO0BkRhqqx%2Bxi36vVqU%2FZV1y9O26Di8KMS%2BiGo7JDPn2Z35%2FLB3ASNV5GJcUXnSX5PLyW5WMUoPEmCFPAl0i6GZzY6of2Xpggjm6A4Z8HgJhg%3D%3D&nvMid=40983951567&catId=50001519,리뷰없음
45,애플 아이폰13미니 128GB 자급제,"735,080원",https://cr.shopping.naver.com/adcr.nhn?x=OIjQ2r9r3zK1XdLEryAVSP%2F%2F%2Fw%3D%3DsHPotTn%2Bf5rueOWtio%2FRNwhm1xg%2FpZhK1nFiHq2YeUOKGgjNtjvRyY8TaEm3AQ5UwHcp6Q%2BONBCBzNMmOT7sxWGm%2BoSKgeYvY6LodkLl4006a6AHsoWh2AjCpuWnECMMADqJ2lrL%2FvW7ViVRdf8uXPFi393%2FfVqWWsor6vo8eno%2BO%2FsdgQE5FIA0Tw1QMogpFd1qCRw928immS1FEbtpjihYHk%2FFR2URiWjrbHa21ozLLXCaPXWG67Kb1Sb456j%2FKq4pZA3hvtay1NdVGnhX93YrHsbeStsmJBfOvK7DA6onBXHc85qCPNYtS0dElLtWylqmfkqm1sbfBZx9YRMIElwxuHr8vjNd4%2BuFGDp4U8hkjFGLEBM202oA9H7KpLGFKbgl%2B6nysN7iylSTy%2BxBAoc4CiJ2hrBzfs3DiOfsDkiWsIbFvz6yA%2FaNuOFRc2iCurUGCjiW1BJIfvf7DVOQ8Gpv7V6aKUA1hz7XOELSZvz%2Fvwk74hbcEyy6kkgtF4TTTa1jS8Ua1hwiaLnWMxworxrsUNYeESVFvj7fdh%2BKDiB5%2BW2FpUMYCyv1UghbxvEeU11SkXvPxCFL9O%2FobcETkVA1QmAmnoJRdq4K9btjkCM0%3D&nvMid=41788815604&catId=50001519,리뷰없음
46,"아이폰13 프로 자급제 (1TB, 시에라블루)","1,827,000원",https://cr.shopping.naver.com/adcr.nhn?x=PdOVQ%2BhHORg6ELXbzm2ikP%2F%2F%2Fw%3D%3Ds%2BckZTY%2B1eKHlHiykR5rXOICz6eTYxfE8UKr9D%2B%2F3ZzGGgjNtjvRyY8TaEm3AQ5UwtctK0gUGuCta5DHRdv05Zmm%2BoSKgeYvY6LodkLl4006a6AHsoWh2AjCpuWnECMMAnJczqqS1NY9dxjSrVMn9Jbr0FHkZQLoD73JYx%2BQMpSneAis%2FOxUwDnfRJu0t0WuOQtSloBSNpdaefUa%2Fh0Jlod7rKHHyBagsCIqCoBuNrUS9%2BSPLngXwAU0NVScAQxwi81Mc7lQeG%2F%2BguK0htRInzeomx49PJ8iMkQjB9Cd0S19m1iHvEbn8qF1WJCvG0uFxf2qRxptMSZ2qEOUNNQUk%2BA5OCJwJBHdvyADQFsU984ik6v2w9jBqMGR4TTsgYaQnlII%2ByYYqWVu3SSXxcjEJdGInP63a%2FE8Iw7HPl53DiQf4IWkgdTqj%2FpnrIdbmZsiH9cHibucK370VBYCLsADYqHn5m6wGCXun%2F0ege8yQlmGYGver5E58ukKnoJgO2i7eCf6jpvsdE9ZxjLnY7WMhELTX3DHJ6qBlpuzaYN%2Fp6%2Bg%2FDIcOLnuK2M8EwPXb7NvzC%2Bp633m53JCQqoKkv9VJyL%2BaBJmGBQVlIAwXs55exNWjrgWQ%2F0JBsjHud4pzo5y1AcYJz2y%2BLRp7cm%2FBWaZiu64oOAyL8RVVEhbi%2F0Brf91mgHEQQ0sNpAQ8BxwtNwIxHRyPBWbUFRhWScTsgQynPg%3D%3D&nvMid=38644439363&catId=50001519,7
47,애플 아이폰13미니 128GB 미개봉 새상품 - 자급제 공기계 미개봉 새제품 미사용,"134,000원",https://cr.shopping.naver.com/adcr.nhn?x=bI8StkHih2hPfOT%2BoilKQf%2F%2F%2Fw%3D%3DsHig8tSzT38nytg%2FSoVC7JAR8kQCS9TmDsJfEo1cpB6lN4NgkrPIjlczCBjhk2dSM6JzuP4GAhhIbkxLpevUtvV3DZEYKPPNMtH4FGpD2LQzVVAGzEe9KXkjhypff%2FV5FHmTFOXihvNv2AATx1yaIDo97k2zEgsKRuXxQI3%2Bw%2Fk6Be7%2BnFocpjkYVaoMALdgweiceeykvPXvbEY39YTV6m9bImi8lbRMWXBzNNU%2FT23bbBon4Kp%2BzJg1DU96pCIkowc%2B%2FjkR2vl%2B%2B%2B%2F%2BVPNlrhSWpUFix1cK3DqRjXAKp5tjZJF3PvwjjSqH%2BL6HZ%2BpqBvDhMANjZptKSOmeqwaF03H2l4Rvfxl9ekK%2F2R1cE6dPiZXDlnOazHGIUDB153SNV%2BGiFa2XxLLGv%2BQzPUXU5XXQjKXy4mzyeMR05Vg74%2FB7Lw8xaiR%2FqeRdikJhvQPhH21Vd2F9MEp9SWOszE4jkotbYQdvcutSX6Oqxjoc5VLnnKG%2Fc9sG4d4s%2BPffJzsUlZoZsItdKmZCwyqM4V10vBQvqet95udyQkKqCpL%2FVScj%2FAfhJdv3pNlpycR9OWjjFo64FkP9CQbIx7neKc6OctaFQ72GrqT6VTsAWEvuBsUR6RVn9ilP3aPbdTGPi%2Bat9mMvFxvA71CzgRxq4lko5CoKoDr6us%2BRKRCOTdsWr9TI%3D&nvMid=41351465625&catId=50001519,리뷰없음
48,애플 아이폰13 미니 128GB 미개봉 새상품 자급제 통신사 가입,"91,080원",https://cr.shopping.naver.com/adcr.nhn?x=CQf2Q%2FiXeWuMSGSlYkzu4%2F%2F%2F%2Fw%3D%3Dsxhl8MvzrroF7KYpKmraRKMmSf6SOZxhBOtwGFoc7OKOGgjNtjvRyY8TaEm3AQ5Uw%2Frhsv0CAYg%2FEs5m%2BmOIPyWm%2BoSKgeYvY6LodkLl4006a6AHsoWh2AjCpuWnECMMADqJ2lrL%2FvW7ViVRdf8uXPFi393%2FfVqWWsor6vo8eno%2BO%2FsdgQE5FIA0Tw1QMogpFNB5Zm7Tdc%2FO1G1e3LM0T4ku6Nly65G4Mmju9FFSOkGHLXCaPXWG67Kb1Sb456j%2FKq4pZA3hvtay1NdVGnhX93YrHsbeStsmJBfOvK7DA6okoN5cMX0T%2F4AkMv5QCnxzNj9A26Nrj1l1AgSGOiVuaAQxuHr8vjNd4%2BuFGDp4U8hloeTGuiyU7oj%2FTwAaL1ydzPoVRGKE69U0rr5qui8URds4CiJ2hrBzfs3DiOfsDkiWVZ93Riz1C%2BjjeP8gxfsH9XWube0tmGLCQVNWdXqIRyrugbIZ50ZeQD5%2FKyk4HfbsNZ3K%2BvcTClwBrte8sH9ifXZ76KJZClTaLoisbxYrSEACFidvZTPISrURBmtA%2BTev106yLlCB%2B5mBWRsgW8K1R7t%2Bn6u1g4t4XAc3HVgH%2Fb0zGT5hENqjVYdQEYfJB2hchPkBgmmUNBguQLIamkdB6DhLBwu%2FFQS5xWYf5w6G3jQ%3D%3D&nvMid=38216302293&catId=50001519,리뷰없음
49,애플 아이폰13미니 256G 자급제 새제품 공기계,"269,000원",https://cr.shopping.naver.com/adcr.nhn?x=ni683o0JwtqAfCdu8PYA1f%2F%2F%2Fw%3D%3DshTHDP59ZeNSTRlhazRluz4ujAzBBQKXk7b0GtD36vaqGgjNtjvRyY8TaEm3AQ5UwJdYD%2FiURZKnNi9crZvSyT2m%2BoSKgeYvY6LodkLl4006a6AHsoWh2AjCpuWnECMMADqJ2lrL%2FvW7ViVRdf8uXPFi393%2FfVqWWsor6vo8eno%2BO%2FsdgQE5FIA0Tw1QMogpFjba5%2BwYR8LPgFrvc%2B3VpW9frWknSvwckxrANAedgDEzLXCaPXWG67Kb1Sb456j%2FKq4pZA3hvtay1NdVGnhX93YrHsbeStsmJBfOvK7DA6ono4i19rS3VIrWVsVotIXNKkfYaa%2Bp%2FdL%2BVL2F6oqzqSQxuHr8vjNd4%2BuFGDp4U8hnEVWLP8OvKaMcrk4DyjRY5sv4Pv0kWpdQcKGzAgoBrl84CiJ2hrBzfs3DiOfsDkiUAIdoM55z32WfHJIKzf2ptSD8ZqRgRkfXYHEqj%2FISLg5rzwE0RbD238WnrnvBsGfQ7Xyt0PYoXdxQxsEF5Rm%2BD%2BjAPhj2%2BMOX4nvV1UQvV2TYhYCKekPCDvbTMF%2FwJQpeQ0y1hOhAQCVVvS2TlqEnBnGebF6E9DhMLoKNLkGW7gXhv%2BsGjwoyEnvb%2BxCoYDIEdHI8FZtQVGFZJxOyBDKc%2B&nvMid=39992482812&catId=50001519,리뷰없음
50,Apple 아이폰 13 mini 자급제 128GB 그린 MNFF3KH/A,"912,000원",https://cr.shopping.naver.com/adcr.nhn?x=yFbIKw2DrMPzv3kx1dp%2F0P%2F%2F%2Fw%3D%3DsrbZur7NPudV4GwBeImzoXhZweGJwbadAkzoXSdrAU1frlQPyQuHoHFsppYbPEdHaQcfnxrQ8PJ%2F8QVXVxpCKYC%2B5TY1AjfcWyUQCuZVPcQCDIx2y4N5D2ORvjFgRrWx9tJu6lmHh%2Bt%2BZUilW8JRrtePYFsKOGABFhj5ZzjFkFAeKjyp0s01e9YG50wI1msUPhccDuMc5z4LdpGHOH3GIHXqfAVVklzQGCd7bqx4WVMQvCEXXpfXg4j9gZKBSv3LViq9oIHxeXuAqHcsgRJJauJ74wwUscc9vI7eEkR9PPVzIQUn%2Bk%2FlskAfXh%2F6xwhY5sdCVK%2Fau4XgZKvjGj9WO9VNogvJa9EqAfd%2FYYHQf%2BEQ%2Fa18qhDQ1A%2FKJp3fgBDor391W%2FC1w5SVs2sYtTdFSerM%2FM5vJnI9VWEcQ3GlHkPsghK9ccmOhhZErthqMSAxd%2F0X8gFBBhr6rnnTk5Nq2rGK5n57JsoKMPsr1Wct4cMnzH6N5zxqs3SNW2xsM3EczB7O3w1Bd4Z7SDbbO9qlRdzpiWb8wur40NnrRODMNFSgGomM%2BtGYGx0ZbF2ND5uh6%2B51eEvJj%2BEO3SW%2BBlEWpVmIVHRJu0bA0ElwqaAGsutZeIevVIOLRbJd6LsDpPBKeNiFgIp6Q8IO9tMwX%2FAlCl7Dha3QeXPR2pJ4pl%2BLSkw01Kq3bqARhPrZqJoOBTuLhLADGy5a7EnSJlS7r23kUOR0cjwVm1BUYVknE7IEMpz4%3D&nvMid=39865437545&catId=50001519,584
51,KT 아이폰13미니 128기가 화이트 기변(선약),"450,000원",https://cr.shopping.naver.com/adcr.nhn?x=5knSHPdcIW4%2FTOB2dNIBk%2F%2F%2F%2Fw%3D%3Ds4Ciu8QhhGVQITlYQt%2BktKwWqcfEFvI0zPhZdz5DPLeXrlQPyQuHoHFsppYbPEdHaJSMpQzTK8KK3iCpsFjJvp1%2BjE59DvCxcWXKeeIq5UxODIx2y4N5D2ORvjFgRrWx9tJu6lmHh%2Bt%2BZUilW8JRrtcmscUZuB%2FB3GA4tAdwd4kJn0E%2B7lsL8Xc%2FJzL4Vwihd3UDffub9nMFJWIqSOT5pjsU5Wn%2Bf4rmjh%2B3sPuGqzZND4P%2Bj2CVvS6QkrpszyaIoCuwrUM2Vi5bq9fxYHuPhKbAAY%2BwRFtXguu7Ulgl%2F4v187artrhOYa03lYUF5M4%2FXV36ogsAbT2GMBHUreotiQNrDxKKTqUE3YnjjYsG5OfSlUJ358LojDS%2B4owPWHfcfr7xLlQfH%2B15YD%2FArHipsBr94mEnVKF1mDkFc%2FW%2BFigDJLgMvfCBOdR2nXek8e%2FYN1A%2FwjGQbkLrOk4g2iFKCJzvQPVPlS2u3hdCaXUpN2AGw73QGvD5Ku47rJ%2Btz7GQhKYTOF5KsHq%2BigGAc1pAeZ5BjsppPmfK56yhahBmPlB0TVk3Mpaka3zHgfvkD%2BonAciQ5WTOqbAo4m3vHNC03wM2OqH9l6YII5ugOGfB4CYY%3D&nvMid=86346184628&catId=50001519,1
52,아이폰 13 pro 256GB 자급제 미개봉 새상품,"1,319,000원",https://cr.shopping.naver.com/adcr.nhn?x=o5y%2FUmM4SlapB7k1%2FZhcNP%2F%2F%2Fw%3D%3DsUU5yPoZMglxzT7Px%2Bw2ubNOTfiK9wuxexyxYOYs3oesCYpaXrkpTZ0FTnmqeb1eBg7dQ%2BIYac20tPjGWEQLioarnInE9bEFmENcshPAtwh245x1C%2BEXmIK56181969FaLM03xzDfYrbsrPuQ4TcES9TJO8orONquYDv3WICli9sHmZR3I0lwYU2VA%2F%2Bees7PMyMgoNOfWJX53utkOrw2HXIn5UwRuYNSBjgwEL0UOYU%2BD9ybPzdwiFAmO%2Byu6GzYy%2F6MHZ6u%2F5n6uuzlUc6JNEuUiTS4CHUtVxQrWeRhExg5D2MbQ9a106or416bCC06v8raFuO47SDPQz3b89z5AfXB4m7nCt%2B9FQWAi7AA2Kj%2Bl8nYqLy7kuG5KsgdM%2FPQmBr3q%2BROfLpCp6CYDtou3ldN%2FRL%2FRAzUeiw2TdDwLJZimq9oOxn%2FyhshIKVu%2F6VC6DdmUazCncR%2BAD%2BiboiusKWRfrjtl2OPD36vkxy%2Bn5pRUO21tbGrtTKU9TjpZjDrPNRouOLVBR9bkVCm5wEj0O7fp%2BrtYOLeFwHNx1YB%2F29XNbXkaK93qzMelxDjKKX8C3jQN2plkAkEq1ZZCN32vA4SwcLvxUEucVmH%2BcOht40%3D&nvMid=32442406186&catId=50001519,리뷰없음
53,[아이폰] 아이폰 13 pro 128GB 자급제 미개봉 새상품,"1,342,000원",https://cr.shopping.naver.com/adcr.nhn?x=YrPhKRLcWAwEy6psGz64Y%2F%2F%2F%2Fw%3D%3Ds5uS2VXnlxzIN7HsmUDxqjPSN3kwtugWshFga%2B62FawuGgjNtjvRyY8TaEm3AQ5Uwzv8swbaHE04ZEe0IjGNyBGm%2BoSKgeYvY6LodkLl4006a6AHsoWh2AjCpuWnECMMAHMjT3YGKVj44uh1R9USJ3MQfcp7YXkf%2Fu%2FXnNGbHLRRWR7fx5yQI121h3YIs%2BgYPxrgbkemE%2B9flQGh4zPwRSeGXaoj%2BpZeuESWVnHGLXIYfYzY272hOlT0bDCJa%2F3qRqC6IfftJ1ok4TummOzGU7iNraeaiJ0KSea90d91ihHX84irqoupb5cHtoCFQH9lAJV03cukp%2F9sq6JmLvPVclF82DANonpPMj2NoDAbMHfRF8kwwS7UM2YXko4AsExI6f5S5ycDGuwbfEdv1A6kKwuS0FPhIXOA6MvWhEtl5A0%2BbF0NlL%2BOl27BRboCxJeyB%2F5Zn%2BQc78IVFvaSUjB0KerEVOrdJTonuU%2FNXoZiIb7WWh3K0c798xLwE77epYnZOq90eUzIIQGeNrWVXBgk2EsT4LNhk1f3YB6aFMHGZazbjIIOucehWZToFxeRc6OUMtYloRgvaKbZUQX369PrqxYiMWL7XoxRD3MEMzfgHm8ktgbCu6X1yFWALGWhiB0Vc5J1j1NBGCz0CUK2WqAqpRGh5ZWUl4bEypCVGGvsEvJ7LVWGr8fvvH1mWvUgXPK6j&nvMid=36258118020&catId=50001519,리뷰없음
54,애플 아이폰13 iPhone13 128GB 256GB 공기계 자급제,"826,160원",https://cr.shopping.naver.com/adcr.nhn?x=b5aJzo9vB4V6SbmhFz5yYP%2F%2F%2Fw%3D%3DsL31wUZ%2FyZ6GBF416ZNrAPey37u1fHb0GDTNkDw2tbVDrlQPyQuHoHFsppYbPEdHaOwQXG9%2FbjNUnVfIvnfm5OM5D%2BeGjyK26bEVgX%2FlPDvaDIx2y4N5D2ORvjFgRrWx9mqQnPwMUBHxCDa1tEUtkpFNVcI%2F18ppt353%2FqRWzEBPXkj%2BZW%2F1lJfgqvRvZaBhR%2FH20aIk3YemMXi5Rl5Pkk4flcC%2FGUsfMFcQx1B5DToh7v7VI9F%2BGlGjZ9Ehs8hJq2waJ%2BCqfsyYNQ1PeqQiJKMHPv45Edr5fvvv%2FlTzZa4VEOnKSk6pZmBmpZwGZXBEND7J1FR%2Bqa1nY5UpRSHIznamydUk78gWIwBVeqjjdKvEWIu78RRpX1bGm7e8r3S1yI5kBnt8gpMAvL97qUPh8S4JnHSayiD1WnUv4ZjyjhaNW7acfDtY1PyMNjEBc65oruCC7C2W574CMCaridQ4SGCTEQXtpWblyj3uoMVpPuoldnvoolkKVNouiKxvFitIQcLLPeB3fgO7ZTSHG3lBIaLk4EPepF32aqt2L5Do3hy4KvSB2mu7mnGJmwldD3zI5rCVrB5yGYjHGo6botoWBNfX%2BAsRN2oF4k3H6u2PKX6UOEsHC78VBLnFZh%2FnDobeN&nvMid=40985371701&catId=50001519,리뷰없음
55,애플 iPhone 아이폰 13 미니 128GB 256GB 5G 정품 자급제,"811,200원",https://cr.shopping.naver.com/adcr.nhn?x=upBrTt%2BF8ogzb39plJCSx%2F%2F%2F%2Fw%3D%3DsMYmItvG4NRu6%2BtmOljCiYBko%2B8NtGl7YCLXUri4WFvRN4NgkrPIjlczCBjhk2dSMsnMkIUuzaMzu6M9CHzcD3F3DZEYKPPNMtH4FGpD2LQzVVAGzEe9KXkjhypff%2FV5Fyn25RWi4oxdWn%2BUt37zSplVYZ5bt8C2qIgIK%2BKcb50OQ5Hn22Pw%2FjgdMbqt66tJcJ0jYVH6Yd%2B%2BgyxHsXWcL6CSHRhzcQwX2a0X%2Fm5ThOYRPkoMHZf%2BlFTdoL%2Fq%2BvITsxTlaf5%2FiuaOH7ew%2B4arNk0Pg%2F6PYJW9LpCSumzPJoigK7CtQzZWLlur1%2FFge4%2BEpRGpSNaDNVWSHEeYJrENJSYHqy%2F2wW3srrbsPs6X34xUbV9SohnsJOp40F4RSK4iNMj82yEVFOi11AtzcilcDOs3zVaNSnElUms3mYOzPgGnqULC2k%2BjyEsdIcCzxDzoKlArQYL2rUkhRRerK7frppW7soMOPZ%2F6oa%2FIGiWf5MTOwaMqaVkDISxhITO4r1aKYsS7FBG%2Fz5OnD6hRirQ8B2yOJODgYAhi0eV3GFIBvIK5NXmYXRg6t%2B8aRSIw159PiLYGwrul9chVgCxloYgdFXMn1bmSOfyICLFGTO%2FtbsI0NRTRY41atFQGoyvfU4sBYy1Vhq%2FH77x9Zlr1IFzyuow%3D%3D&nvMid=38696020568&catId=50001519,리뷰없음
56,APPLE 아이폰 13 512GB 자급제 핑크 FS,"1,621,440원",https://cr.shopping.naver.com/adcr.nhn?x=WV%2FaNUKaVfuTuYa7HHr8a%2F%2F%2F%2Fw%3D%3DsoMIMDzddMAcp%2B15MOEkYTOmeLUJi5qCE3rMJXou%2Bx7KGgjNtjvRyY8TaEm3AQ5UwcieYCNjg0rMvl5PhrPVAIGm%2BoSKgeYvY6LodkLl4006a6AHsoWh2AjCpuWnECMMAHMjT3YGKVj44uh1R9USJ3H9jBvQF78L7i7pnL4F1ZjMNaLo85e6Ha77aQ4Q%2Fp7sSCq3iKqLj%2BRWT3kLVMX8TXfAvYNWOTC6689Y%2BxkHzwujNiSIe3ZNrCxd39iaaWR0DNGpAb%2BNAQlohDrlGv1X%2FfKsJF1TG8DXvuOXRWh2aiSE1QmeK3ZPITzKHcbEnR%2BI8WnxumJdU3JZ6RxjdmjuUI9B1M2fEEmuDf9Lj4Ee3Pfbqdi3Q%2Fm8V2A5jR123nAwZH%2BjNU3%2B%2F4nfECPHx2DyQ0gahC2uY65esb%2BK16kKcyvsiMFnxU5j%2BmNEgh09fHm%2Bd8lMttghkDkNsgNFn5BBE7bN2uodu71etHVSByT9HbfpdnvoolkKVNouiKxvFitIQcdFSBkspdTeQMkG12RIYZG7uN9hc2LMHF9grELXQedYKvSB2mu7mnGJmwldD3zI5KInlEKlfcuAmAGewbNhQxMi6K%2BUmhcjBTQBaLM%2B1OPqFbDf4gHI5rSMJU1BWcIOg&nvMid=40646023633&catId=50001519,리뷰없음
57,iPhone 아이폰13 프로 128GB 256GB 512GB 공기계 자급제 A2638 삼사호환,"1,001,880원",https://cr.shopping.naver.com/adcr.nhn?x=p4kstKKqcgVMYGg4Jkvbgf%2F%2F%2Fw%3D%3Ds435fjFhV2oCkO80PQrAma1ibQQLKDaj5aaQX%2B5lkXEiGgjNtjvRyY8TaEm3AQ5UwdPQfjpGor7LXCV9TJZj7M2m%2BoSKgeYvY6LodkLl4006a6AHsoWh2AjCpuWnECMMADqJ2lrL%2FvW7ViVRdf8uXPFi393%2FfVqWWsor6vo8eno%2BO%2FsdgQE5FIA0Tw1QMogpFiTZXC4C12t1bKLHDA%2BRsHDQg1JHrSqP2%2BEYhJuu%2Ff83LXCaPXWG67Kb1Sb456j%2FKq4pZA3hvtay1NdVGnhX93YrHsbeStsmJBfOvK7DA6onmD%2B9wkYvvQFaiqSqU5xu9Yf6OJ30vOzfnHglUMMVqOQxuHr8vjNd4%2BuFGDp4U8hmgE7HlsVnLfq%2FTn97L96YheiudN4wUxYjvrJTsG8aODkRi991DYFJ5XMgCJQzBoyE3LD1vFDUWGnuLK6ZjKZtGYan7V4dn92ibVuMxo%2FtkKi%2FdxT9sd6jdWxsupjerEmkEYR4yYrLS3l3ViLUiVh5Cb2xmyUEcl7ICcwynlCReyjKNKS%2B5CP5PYSUlaQJf5cMHuoQ7IG%2FfO7r%2FaX%2F6X1b6LoIg4eUvJ%2Fu0XNDHjbs4HVgBggjE7UUFKN7bRz1ToBPZxQfKaugtWt7xu0pHyeED5Hv1T%2FoDPeAT2ZD%2BWCfnsQ%3D%3D&nvMid=41152294987&catId=50001519,리뷰없음
58,애플 아이폰13미니 iPhone 13 Mini 128GB 256GB,"766,080원",https://cr.shopping.naver.com/adcr.nhn?x=CVkwKQNKfvzoigP6edmilP%2F%2F%2Fw%3D%3DsTjQ05pTTjGtC91OAl3EHp%2BRug%2FKXYMuaHbyeZF%2FnQfeGgjNtjvRyY8TaEm3AQ5UwQ8SDr6rdqVVI6Q0ydFX9NWm%2BoSKgeYvY6LodkLl4006a6AHsoWh2AjCpuWnECMMAHMjT3YGKVj44uh1R9USJ3H9jBvQF78L7i7pnL4F1ZjMNaLo85e6Ha77aQ4Q%2Fp7sSCq3iKqLj%2BRWT3kLVMX8TXbqihmg05xLUtfSe0U5JX%2B72lEe%2BbjoMtADr910EYDGoNGpAb%2BNAQlohDrlGv1X%2FfKsJF1TG8DXvuOXRWh2aiSE1QmeK3ZPITzKHcbEnR%2BI84YI2ixVRppxgl59lOL8YbXOaYAq4in0pwJAlyjQfUW3qdi3Q%2Fm8V2A5jR123nAwZE%2BfbykUawNBnsI5GictmR1FmkhFosaQbFeZzFBBE6AbtDu8JvuuyZFeNea60ZdipnHOchgQdb4eN3fbkUeS%2BP89SETaerwWAiyPXkCnnwBHK9r3ALScv7p6SzeJ8ajR7xiM1aLtelhX0R9ucmkF%2Fd0OA0flW%2FcKa%2FyVVE57VQkRlNzdJFgkoR1MOL3Zb6EWFhmMRp7GLVdhrKJpFa1L9AODkAoRUChVbMcNhaP5e74pXc50eBITwugSNPH3Ok09sVpGw61BSdoQRvEGgfFlc5w%3D%3D&nvMid=40982957102&catId=50001519,리뷰없음
59,APPLE 아이폰13 프로 512GB 자급제 정품 즉시출고 iPhone 13 Pro - 아이폰13 프로 512G 자급제,"1,423,560원",https://cr.shopping.naver.com/adcr.nhn?x=KebVS3QF7G2lr9%2Bnl11hff%2F%2F%2Fw%3D%3DsPmVWnK6cdGudemZqdr4CfD134eGTDkoDP5%2FEjDkxwAWGgjNtjvRyY8TaEm3AQ5UwKX2uwCFL0S%2FteuYQ497ZxWm%2BoSKgeYvY6LodkLl4006a6AHsoWh2AjCpuWnECMMAnJczqqS1NY9dxjSrVMn9JUCZcyd%2Ftv%2BQxlxlt339HC8awHVUmsdaPfsxoqdGSsAcj9RZw0Rcd0WQXCdo40MV%2F%2F2cTkTYA38nqyzdmrtbvZ7uGzQnfD%2Bdckf4iwAEP3jda%2BpHa6ewb0%2FDpcGez9%2B2Mmaf7oVVn%2BbTDsruUdhAA7sKxVZZvo3CspGERWHXQzf%2BlxPAdvzezrusIxAP6c2LwgEMKpgpX4lgpKmhfICAvObZqMejmX0Z%2BSCPro9gpr5geZ7%2FqW7QYH1%2F03wSIsggLSWtaL5oTZE5n9uvvsQqi8vyZ7WVGSCya%2F9fTVR6OW5sagCWdgWptg3DqQUKpiOAnTL8Y7Ae5iy5DS%2Fbcyy%2BIhEvbMxnn%2B4xvNR2hRBDnzl7CwBPLtybL402PEDZf8vlAlwBybrSccq4%2BBDy9k4yPQI7j%2BBMKuhU83BzjkRoqNXh9ox4kEbGqz7zuh9atPFRa2XbAZp2sIm25PVQvNsO5jhHRsNAnQBUXA%2FtQrKUqeIg1l9et%2F80j%2FUmBxN61E%2F4%2FIKoDr6us%2BRKRCOTdsWr9TI%3D&nvMid=40184755252&catId=50001519,리뷰없음
60,아이폰 13 미니 128GB IPHONE MINI,"284,160원",https://cr.shopping.naver.com/adcr.nhn?x=HEmDuDafZOAsBafMN3uByP%2F%2F%2Fw%3D%3DsKG1AXSoZxnZU9nbvPQiikKFFLHJAd9Vx1RY38M05Cv3rlQPyQuHoHFsppYbPEdHasbwdnlM9ZDE%2F2ZHaBfN0EJrb1BDLs44Qfd6R4FsNGLqDIx2y4N5D2ORvjFgRrWx9tJu6lmHh%2Bt%2BZUilW8JRrtS%2BYxcAxQnoCnUx3jjIiOILcAdZDhcUNQhYf4Z7nu%2FXG16jkJuvIqZkI8jPbs1Xkq3nB%2BiZdNNh%2F1rKTNt5qkXhrDou3bolX9Rw0ysikra8NDPg76CnUalEw0QmfJRlthauKWQN4b7WstTXVRp4V%2Fd2Kx7G3krbJiQXzryuwwOqJu4BhY18c1xYPDxEMRCAAldM8RK%2BCWpc5d5hry1hVnJ7HvY%2FUzN94OzIr5wG3PfiAXE3YllWYuifbHV5%2F7LS0HR0FMcI1zJjQ60euDuy9%2BRirBhOLssYSrGtke4YLgNVVKfwR3JFYbmWx5u1pvTo0ZabfeaFAm67zenx3JEIogbLrI74kjPds%2BLRiqUAVvqIBbogJnWR2cZnyb1o9uwVeRSmEzheSrB6vooBgHNaQHmd%2BHmn2AHGyeRiP%2F2xQqZtTsq1efbaRMdcTjfo7VtG7q2O0QScdmj79W4Ike%2ByYeOsNUJgJp6CUXauCvW7Y5AjN&nvMid=38610961217&catId=50001519,리뷰없음
61,아이폰13 프로맥스 iPhone 13 Promax 128GB 256GB 512GB 기가 그린,"1,388,000원",https://cr.shopping.naver.com/adcr.nhn?x=JMcGgU6c%2BdKQy7wPvqL7wf%2F%2F%2Fw%3D%3DsyVQo4sam1J5oAjsVhKgzDjzsFwJlSutyqk47k%2BZ3JVdN4NgkrPIjlczCBjhk2dSMWPT%2FQQsyupsvLCNzcCzrn13DZEYKPPNMtH4FGpD2LQzVVAGzEe9KXkjhypff%2FV5Fyi7ms7wA6TwoHusL3sbVW26IdemuhMaRXNFs4t7grWz%2BdsI0oBV0GFufH9Q6MaoxMnoO1mDX%2FzatUD4x8Ys92LCq%2FS1uZIDXgTsaBps6ELEfl5RkxivqYZ8A8tlkyzAvCQcXDdVbKXjqmh%2BpKqRRPL7oQcDMgkSyQKp4jEsuwv7QbTNO2PoriHG71DOHLlH8obe4PEyKv8NYSxWwSTP3TqsJF1TG8DXvuOXRWh2aiSE1QmeK3ZPITzKHcbEnR%2BI8a9Eps%2FtTbfxg5szGNU6a2UgKXgdNXpoMexXUq%2B8CUmbqdi3Q%2Fm8V2A5jR123nAwZxt6nNVtdvVSDQ%2BE9ph7iQihJ6rsZaB50VhQGk64WFjiho47QpZKEqsDtmGLZgweJBLaJTyUS3jf8oj70%2BZwfm5Je7ubJevsCcHagh47UbIWH%2Fq5boA%2BFFx9TqEdqT8MoNXv7%2FccWTm1TuyT%2F04BgGwvqet95udyQkKqCpL%2FVScgwpvwcmBFZOYTGYYtZniSP69rZzg3uuK2%2B7kiwQE5pywq9IHaa7uacYmbCV0PfMjn4xcieF3dpfYyA3gmpKIjA19wwJDZkN%2FwWCp0bUJSgx4VsN%2FiAcjmtIwlTUFZwg6A%3D&nvMid=41224690889&catId=50001519,리뷰없음
62,해외아이폰13 미니 512GB 언락 자급제폰,"999,000원",https://cr.shopping.naver.com/adcr.nhn?x=jVNp5AP1wvuxtQh5N5%2BEe%2F%2F%2F%2Fw%3D%3DsweXYCDmdh%2B3WzU%2BhyEbxy%2BKTqcK4eyYAOdQvIk5fElFN4NgkrPIjlczCBjhk2dSMqfgb7cCad1mnOO7ZrZXilF3DZEYKPPNMtH4FGpD2LQzVVAGzEe9KXkjhypff%2FV5F25IaMksVgPAnNleQW0VSmcVIhUTYq2J1wF4XcKD2AOWkOA3ZateG%2FY8eKxwX1E0NgAqJ27ltAVOtT0FRWYlf%2FE%2Beyq07JaVmG52SvcOErtSAbCY81f975eS5nfR25FBiP83WAv8GAIoQ0MwLPWeb%2FV6kC4wvYTInDxKwG68OtsFB6tYlnhbmIGfAv0r691T4vX82Y5Ils9cLeBDu1LyZB19BRa1uKxPoQzqbpZSKogIUIkt5M0yIil13vZMydQVHMZ8ROtt7392ydyUGA1XWUJE7ykcW%2F4oe8vCNFkf0Itse5K7EC%2BjLYuClXD%2B1RWUQMElXrMfZa33dUcl58xjYl9JE%2BqDdtsjjQ3SkuD7OlMtrWNLxRrWHCJoudYzHCivGZnSvIDibLLk8hwaeRKUwB7%2FcDSLSm6%2Frt3R%2FucyM%2FSilFMitQXiVv7eBBInOlqD4aGimR4pR27mrh1IoDTOSgA%3D%3D&nvMid=86473258865&catId=50001519,리뷰없음
63,Apple 아이폰 13 프로 맥스 1TB 자급제,"1,888,000원",https://cr.shopping.naver.com/adcr.nhn?x=Q5s6KvUXwg0uQomZYapfxP%2F%2F%2Fw%3D%3Dsxpq3d4mPKSG3inWck9As8JXmTqP63kl%2FThomWXRs9qKGgjNtjvRyY8TaEm3AQ5UwgDnoezU9C3kYTeRsegpIt2m%2BoSKgeYvY6LodkLl4006a6AHsoWh2AjCpuWnECMMAHMjT3YGKVj44uh1R9USJ3ES%2BortKzfQDWBF5GV%2FKfqEhJv3ljJo79VVIpj6%2Fm3WOEUjXGyDutzWUhkDgHJhnGdCbCzxMOUVcjPQczDgvHrnDpmNu2Rs3tEPrV0ZTODsbWqyaFa2xLbpwGCJChqMDqh2GbDeIQtUsSS0%2Fr4TALTLFa16sj79IsZUddSQ1ACj2DG4evy%2BM13j64UYOnhTyGdZMcG%2F4N43agwXrNkrsnjs%2BhVEYoTr1TSuvmq6LxRF2m3sm0vyUuysXn74k9VUPTdKPcVZ%2FKrjPa0MWs5Dn6qRzX2%2FPka5sRXJNLvqOdXYkXZ76KJZClTaLoisbxYrSENwsnKP3ypf%2BxY7ejRDAJ1nr2tnODe64rb7uSLBATmnLnNqb8bh6xQeM7JeE76wNIYSKrr11HHgpRPhqAUisQPMON6FIWmc093faSBIv%2BmJqVoWd0jB03C5aYq3HUc1IKtSSLJQZncWk8e8Ttfjz6Fs%3D&nvMid=86024662313&catId=50001519,리뷰없음
64,애플 아이폰 13 미니 스타라이트 128GB,"899,000원",https://cr.shopping.naver.com/adcr.nhn?x=Mm0MEa15efjaz8jepgsKtP%2F%2F%2Fw%3D%3DsbLAdc2oomC4auhT1mDaKoACdBLz5dZr0rv14LYa4cLLrlQPyQuHoHFsppYbPEdHa5c%2BmXMSL9iGp5thzF2Bmv%2FdOqO%2BkX1NYEZsSSgDc8EGDIx2y4N5D2ORvjFgRrWx9tJu6lmHh%2Bt%2BZUilW8JRrtcmscUZuB%2FB3GA4tAdwd4kJn0E%2B7lsL8Xc%2FJzL4VwihdXtquJkYKbnlULVqKqPWkJsU5Wn%2Bf4rmjh%2B3sPuGqzZND4P%2Bj2CVvS6QkrpszyaIoCuwrUM2Vi5bq9fxYHuPhKahpwAioHWJpVXpY5CC%2FDT0D8%2FuZRvrtQizCg%2FR7Ux1h6nYt0P5vFdgOY0ddt5wMGQ3TdGgTSQPchtKQiUuI4d8uizqSYSIZS7cpqs11OkS07Q7vCb7rsmRXjXmutGXYqR5nAwSaXdUYC6ZZ0VVaiPJb7ezqcs3Gv33itNiKbEdWliIZoQibUBKPLYjV9YLW1mmBOMW8AKlCTuTmaTmd73126F4cZCShzBuamMEIQkMf0JTLwgRVrdbcXO8PhSkHxUIhSt78INWwxpa5Gvnym6Udc6Zfn0RwAr3WkpiS%2BIQqT7bimz5QKug%2FKHBEuwIUHgau4fTwOUqyF63FjwpQRls%3D&nvMid=86140870280&catId=50001519,리뷰없음
65,Apple 아이폰 13 mini 자급제 256GB 레드,"1,013,700원",https://cr.shopping.naver.com/adcr.nhn?x=6G0MEnOxODri4lpIo2x7oP%2F%2F%2Fw%3D%3DsPaWQQbqeueda1pxnHzV2iVuHf96t9RtflQpqDyTbY9mGgjNtjvRyY8TaEm3AQ5Uw3IvYKBnOYdvrkENSOkFS2mm%2BoSKgeYvY6LodkLl4006a6AHsoWh2AjCpuWnECMMAHMjT3YGKVj44uh1R9USJ3BzWbUP4hsfkDiMh%2FeiprrdhOluJ1tWQQiXRTgst1zfMd6bHlna6LOLB6PkUuNvGbhcZTESvesdOhIGLumEj5VnQKs7VECOCH6RiXWJE6IjESbJasGZxK6dqF67fFcatlbibiS3esM30H%2F69S11quoKQtiu1xPGCFa2BLi4lmrUelerIWUzYpDrdvklBlsr0Wu4bNCd8P51yR%2FiLAAQ%2FeN1r6kdrp7BvT8OlwZ7P37YyZp%2FuhVWf5tMOyu5R2EADu65GV7BTaptKY48ufeHhk3GswzOwDYz%2F8g2%2FEftKomTpAQwqmClfiWCkqaF8gIC85jPP6LP%2Bot8rNrgiy6cIcG%2FXdwMZv%2BsjaOq%2FaIlKn6P2SgFtqsig3hkEE1dtRdEurAWetDO6LTsYLIhygq0kHn8WI0kugy17uAR1c22OMA2jBkPYMPTgQmM8WFVNjU1jhT733NC%2FwloWYZ6JK1PpUxOw%2Bc3GB%2FByXng%2Fqf0%2BbA3yLYGwrul9chVgCxloYgdFXO5BIfeU9uISVD7E1%2FBDkgXtI9ph1eWT6zBQyv8uEZ6RhWw3%2BIByOa0jCVNQVnCDoA%3D%3D&nvMid=41541680870&catId=50001519,266
66,애플 아이폰13 미니 iphone13 Mini 128GB 그린,"898,000원",https://cr.shopping.naver.com/adcr.nhn?x=vN0DqkNPgYmHYXUlCq2hQv%2F%2F%2Fw%3D%3DsC2sBM92puJ6HVPqafGP73TQQ9QG1mQs%2B1mcqH670xOrrlQPyQuHoHFsppYbPEdHaL2PtkH7OLI5%2FNraV9mY%2BEs5D%2BeGjyK26bEVgX%2FlPDvaDIx2y4N5D2ORvjFgRrWx9mqQnPwMUBHxCDa1tEUtkpMV6HwITeVPVOSVRDIZtOWWdIbdg5PXKlFU91qOXSFwnv%2BAePeu%2BxITwBkakeNtb%2Bqug0ZEuAZ2mVyMWMb6BENJ69yod4NdNzCv11%2Bi8xKm60Hxjofaj3zIgfNFYK703Ooevyy0UKtScywF%2BTLWllKA%2BD9ybPzdwiFAmO%2Byu6GzYy%2F6MHZ6u%2F5n6uuzlUc6JNEuUiTS4CHUtVxQrWeRhExjj7tK9iwshh31vjpToBn8YPP1mL%2FewrKx%2B5iq3zQpJUr1%2FNmOSJbPXC3gQ7tS8mQfoo4cvRwiLVOCg%2Fy1m77T5FCJLeTNMiIpdd72TMnUFR2ZTzQm%2FJCTPv1HJ4ZwU%2BN9%2FczZWF%2FowysR7q07H6TusXtMp4ApXQyUZJMEgRQ2zfF8brKBxLycLUt4X1wkbJfFcx83XNlRfT1V0qELIWVeZisWD%2BGdOm1c3unjXIiMkq8vTtug4vCjEvohqOyQz59lDPtf%2FtJvF7uCJSTyTzoL5CENpBNRBkJePXBcv5f6Vis2OqH9l6YII5ugOGfB4CYY%3D&nvMid=40992604053&catId=50001519,리뷰없음
67,아이폰13프로맥스 iPhone 13 Promax 128GB 256GB 512GB,"1,342,080원",https://cr.shopping.naver.com/adcr.nhn?x=s7qDLf3wRt0dwui6lRTR7f%2F%2F%2Fw%3D%3Ds5Wyfo0acrg6QXXcL6pqpe3sKBsCiDfOaReXx4554UJeGgjNtjvRyY8TaEm3AQ5UwFizbCtEfWOwgE2dZPmZUKGm%2BoSKgeYvY6LodkLl4006a6AHsoWh2AjCpuWnECMMAHMjT3YGKVj44uh1R9USJ3H9jBvQF78L7i7pnL4F1ZjMNaLo85e6Ha77aQ4Q%2Fp7sSCq3iKqLj%2BRWT3kLVMX8TXeGTQjA6A8jigu6P9NpqROe85%2F2HG2VUGQir7vsgG2TMNGpAb%2BNAQlohDrlGv1X%2FfKsJF1TG8DXvuOXRWh2aiSE1QmeK3ZPITzKHcbEnR%2BI84GzFpBbmo9T5smtLZyCovo6qwlJvanFoFvwzSxoYQQrqdi3Q%2Fm8V2A5jR123nAwZfYe6JdM%2FqpSeUzN0lIvtVWoz6TNqEKGfHvjvSWqveh9FBLItcRFsXHNM8%2FPxcnvGWIMIy4tacdst0%2F2w7DKRuJmDjwYiPT%2F4UbqIArVV8diujryFt%2FbtlSl2AV3V9rbMC%2Bp633m53JCQqoKkv9VJyNjd8cFVuNHKLzvGLsK013R8ONIISTWe5T2uqxqyKz8IfWpE8Vgtp8Sl%2FFU5mYzpPg5GQGQ1AOqyyc82AW7bt6%2F9vzHGYDnLTtl3HlbUG%2BIFgqgOvq6z5EpEI5N2xav1Mg%3D%3D&nvMid=40984060039&catId=50001519,리뷰없음
68,아이폰13 프로맥스 iPhone 13 Promax 128GB 256GB 512GB 기가 실버,"1,388,000원",https://cr.shopping.naver.com/adcr.nhn?x=xq3OurodAdfoWnshw59MQ%2F%2F%2F%2Fw%3D%3Dssu4NJgG8oADRdNRUmccWOJzE%2Fj%2F7mcK3jWQiJPSObOFN4NgkrPIjlczCBjhk2dSMF38%2BSHo13LT0bAtktXwy%2BF3DZEYKPPNMtH4FGpD2LQzVVAGzEe9KXkjhypff%2FV5Fyi7ms7wA6TwoHusL3sbVW26IdemuhMaRXNFs4t7grWz%2BdsI0oBV0GFufH9Q6MaoxMnoO1mDX%2FzatUD4x8Ys92LCq%2FS1uZIDXgTsaBps6ELEfl5RkxivqYZ8A8tlkyzAvGy2ZLvBgTKXJ%2FGvOfnbdHEHaD9%2BhGHE7KJD9VZa26c25RunQDKE8eFI4KLXuMpDC71ihvZF2QQ2KfRifqgdnrKsJF1TG8DXvuOXRWh2aiSE1QmeK3ZPITzKHcbEnR%2BI8JXCUabRtoqvXgi3MxYy9Si0E5Ft5Q1DV7WPFrZcxMjXqdi3Q%2Fm8V2A5jR123nAwZR%2FXlr0jMSkbNLPAuhtBt%2BIHHRFJAxptPqV8GWTzEmDeho47QpZKEqsDtmGLZgweJBLaJTyUS3jf8oj70%2BZwfm5Je7ubJevsCcHagh47UbIWH%2Fq5boA%2BFFx9TqEdqT8Mot99CYgD4rGZUw5vTGys6tQvqet95udyQkKqCpL%2FVScgWfzfzlmW5RNYJfGcfgwJO69rZzg3uuK2%2B7kiwQE5pywq9IHaa7uacYmbCV0PfMjlW%2BAM0Z%2F4ltigdRCCCldMa19wwJDZkN%2FwWCp0bUJSgx4VsN%2FiAcjmtIwlTUFZwg6A%3D&nvMid=41224705897&catId=50001519,리뷰없음
