,name,price,review_cnt,link
0,해남 꿀 고구마 3kg 5kg 호박고구마 베니하루카,"10,900원
배송비
무료
무료교환반품","320,300",https://cr.shopping.naver.com/adcr.nhn?x=sCIfHBK8OxtPrVqpI3XFQf%2F%2F%2Fw%3D%3DsM3ldv0mZvhZIrJRURG5CE%2BfvpT5GqWv86%2F9hE%2BMxcDnrmbZKMw7CgD%2FASNNyGHGfw%2BZFz%2F6ai4bcC5HqvlWOJ0ls1M9xucXxkPPt7QTmSRFr6kdrp7BvT8OlwZ7P37YyQC76lfNx9byZ%2B95XmbiqRhXDS6KJWOJiH9xQbyX6%2Buikb%2BmuGU3JWLPe4LKCNIAKIotDWoJLTP%2FkX3lLr6X39kuG%2FicFY3q9hGdjro9%2BnxR79dNq6Ffk8Lp6nu00Do12cT7wMWeigEUTCn%2BpiUgfyA1yAxhpOJKZSxT%2FPuGo5WQ%2Fa18qhDQ1A%2FKJp3fgBDor391W%2FC1w5SVs2sYtTdFSesC0d%2BJ9m5WbUo7uYoiC09B2zqx9br2k8iftihYszxUtIt0GDtNHhtP8RXIEn1P8sfqkkD5%2FROqXhBMAiV6TOufnMy8nSBokqaLNJAS%2FL95vL0IQWqjNwEAh%2FLO8a5l1kEn4Or6H%2BVzdR4a0iqOtwGquKxp%2BLg6BrHHHOIpSQFBPK50g5XD8JNtbWtYsRIgpljv4JR%2Bs46vnKWSCJRwMT3WMZth3kmWFkUpGueO4E1IJdYhDW7fO3QYVpvmvMhaWw26Mlm9cVLKXF4tx4h3rm2gQB79Eo%2BJ5JTSm4Aeqoi6nFDVDVRSW5JWdo2ek0K%2Bq0x0cjwVm1BUYVknE7IEMpz4%3D&nvMid=8016453163&catId=50002214
1,해남 꿀 고구마 3kg 5kg 베니하루카 황금호박고구마,"8,900원
배송비
무료
오늘출발","277,198",https://cr.shopping.naver.com/adcr.nhn?x=sBPPkbdLYiUllGA4MgqjoP%2F%2F%2Fw%3D%3Dsq4P7TKrJg%2FGUym6ufgu%2BIDok13YNU2bcWLmIgDPp0j5VcWKdXUnFrQ%2B8ykSAd8keiGYslpOpwM7ZJiCUOby%2FxNof6jW5jHdz%2FbROY2pgmykluxxfm60J9z8rnZUjvqTWjBjkLOxXqS%2F2kSOwGSfrHJlpmKDxYwDQdJ0%2BcZ2gVQL6P6tQXbX27EFddkUDQdU0Bju2H9vlf%2B7%2FVgVUBSeHForiPkxPAXjk2LX8wmqtKDSirEkpEzWdZzkEsDOLhqXN%2BZz%2FRRTaF9MOsXFwa%2BBOu9WW6n5aDSbOS0iHSoXgAaZr6kdrp7BvT8OlwZ7P37YyZp%2FuhVWf5tMOyu5R2EADu2dbPH673UYEpLGuH%2BnXXhYtC%2BVRXkRctTmBRBI3Fl7hKF8OyA49UmzI9JgChHG1HciCrQuERxWpxZ7tNy3AN5ubMB8q%2FCdpU0N%2Fr%2Fwotnaczz415lWJRbHVeFbVpGvyQ8Cl%2FnFYD8s%2BYhjDO%2Bb9oaqxcJtogv1z34N6EnPJPJD5Xwejne%2BEEzuHYRrtkwIzo%2F7UATIr0QCBSTHAPg%2BLQkvl3UYuBbu3CqjOZmgIaMLfsQocLEGGa0wsleHc2pFkrUTV1%2BAaKiQLtAjxKpVKG%2FIs%2FTs82yybu9o9NtitNgT3%2Bg1VJtRIit762IBo4rBDLIVsN%2FiAcjmtIwlTUFZwg6A%3D&nvMid=81999320307&catId=50002214
2,영암 세척 꿀 고구마 3kg 5kg 베니하루카 황금호박고구마,"19,900원
배송비
무료
무료교환반품","170,150",https://cr.shopping.naver.com/adcr.nhn?x=NIXQKX265uplTy686vQah%2F%2F%2F%2Fw%3D%3Ds6SYZiNdBzKB%2FE2fepkL%2F8OpAT359v%2Fc3h7WWtlQRr1WL00Wmf%2Bc%2FkOFzXHXxNt3Oytadteu9qHbGgQC3l7w1ax4pza8ebIOIXPrPsGGS95ek6v2w9jBqMGR4TTsgYaQnAKZvXp3oebSdy28g02tHiWK5zfsOJZQDQYjwG9Mpee%2BRmzTVsgYouZYD2cMk0sG%2Fa7kKGQXs2iiK5wAJrZGk7%2Ba0O2TX7GIDZW3de8vjU8wzsGsdZbp9x3i0euKTYMMKUZbcWaRT3mGO05qKPg9neInpEnR0xARmcsv71hANMbC54J8UO7LDGXdPU9Do8oyMXmq0wb8nQ9S1CNyVqQgAyGxLsymvsdiYzfChEb6RBLHS8nl4ogCr5BSrmu6u4STBmSCJVA5iDw%2Fewge6rONGG17Vy7AuY9qWTsp5VnbQgEMUIkt5M0yIil13vZMydQVHrk%2BzJEayiuRaCgzZxhc7I1BydUUV5wCZCmHsuk0IIB3k%2Brdabbgm5wYj2t38XpXWbUBv2CxO6L0qUgVcRvi5h46QYiyfO0Vq62tmR6v6jNtVo8EqWMhYE3BA8Cmw%2Bv95sUqo%2BctkWL%2BqlrKEnMdTAnvJEjntGCkjvhDN6olz8XTb5GehGQCU2I%2F8p6KfhdK4qk3wsoh%2BEhnSQw3FrygSqucX%2BGJBdJspbJIhGQH2rJxB0CIl3BeKsFF2drF%2B%2BsFv&nvMid=10480610461&catId=50002214
3,믿고먹는 김의준 세척 꿀 고구마,"19,900원
배송비
무료
무료교환반품","170,150",https://cr.shopping.naver.com/adcr.nhn?x=oty%2B2iOc28L0MsNVfQbnXv%2F%2F%2Fw%3D%3DsSqDTi%2BIufVWK9A0Z2q0HTfl1e9%2FCa%2FK8UXGwuWFyqA%2FrmbZKMw7CgD%2FASNNyGHGfva5ZGW4ESnzWC35MQkI720bAoeRkvpJaJBMwPydFbM8QhkkHXK4%2FmSRy5icYE%2F27S5RC%2FzDrxrTDRq9kUpMHaWLiRJpZyocV0GBRvymodq1mo6GiVPpr9J%2BMqhkGzZaaIRpk%2F3naDVH141FQydqSq1JReKPpLs7eM2%2Fs8wOUAemmQIKbplxvhQv6zJ%2Bx2C5uvobt%2BfgDR1hyGlj1JZtcNsXUbTWM%2BUbYKpfg4wKowzdVXemfpmeX70wC2wQT5nyi5pxiwDZPU40LYzhHX%2FcRv2qSfqw4AS7k1J6SNmnkjVScj42orlWqV%2Bjsqc2m24EA8e%2BxjWUCLApXM7m5b5lX6QA8ZYRPx8TqkAnrESutxQWMHn7BDBNaqXNmoKbAeTMvS7RD1HGNY9bnV2uj36KC7nQFUm0cf%2F5L36y8s%2F%2BwNSmZwMqPKONeZXjUSlo%2FyuNBvuUQ7cv9de9RpHGQc6ufJkQAU7kFQsnpPOeBPkvkRsCxChwsQYZrTCyV4dzakWStzYCTVQtYeSEw2bfv2XhdWMtmG3M8stKaLXjdVkmN0tVedKSNtY21bPaEFY3DV9G0hWw3%2BIByOa0jCVNQVnCDoA%3D%3D&nvMid=85585297183&catId=50002214
4,김의준 세척 꿀고구마,"13,900원
배송비
무료","153,883",https://cr.shopping.naver.com/adcr.nhn?x=j%2FRR%2BeI9eqqWi9gpjYxytP%2F%2F%2Fw%3D%3DsuqRAChqE%2BY2vCY9SpKfzqSW493iQwAJB1CN2cC0tRIjrmbZKMw7CgD%2FASNNyGHGfnqXdsKJqiL7%2FkIdK48zaa0ls1M9xucXxkPPt7QTmSRFr6kdrp7BvT8OlwZ7P37YyQC76lfNx9byZ%2B95XmbiqRhXDS6KJWOJiH9xQbyX6%2Buikb%2BmuGU3JWLPe4LKCNIAKIotDWoJLTP%2FkX3lLr6X39kuG%2FicFY3q9hGdjro9%2BnxTJBBYE7FgvZMGpAejdZpLHmFqH%2BP5IvXjAwglxuyv%2Fmw1yAxhpOJKZSxT%2FPuGo5WQ%2Fa18qhDQ1A%2FKJp3fgBDor391W%2FC1w5SVs2sYtTdFSen91LUJTUcf6meVRTOrsFuB0LpirQSg8wqJaTzav9bD5It0GDtNHhtP8RXIEn1P8sZsBUfyXZIFgz%2F47pgJB9EGNQk8TiH2C4CzRw9QznP3cdAVSbRx%2F%2FkvfrLyz%2F7A1KRW1Sc75ZxUBxl6UFgizaPCF%2B4BVribSbER%2FwtOkwJUmNFmPalVzoz%2Fl0UqhU5yS5j1cz068bJRyD7Mw%2F1WHvv47s1Te1dsqEgsp8qQVq0FyMRGg4enZHtYqc4qFSL9hi2a0j%2BcUnCe9yDGZgp1o2hSCqA6%2BrrPkSkQjk3bFq%2FUy&nvMid=9048133927&catId=50002214
5,해남 꿀 밤 호박고구마 3kg 5kg 10kg,"12,900원
배송비
무료
오늘출발","121,501",https://cr.shopping.naver.com/adcr.nhn?x=qHCCscu7wOhi0Pw%2BLYtr2v%2F%2F%2Fw%3D%3DsWiIJTHrIa6VVZszT9%2FpiszDUr8W5dd8NiKEtBJ1%2FB99VcWKdXUnFrQ%2B8ykSAd8keghl6vLnx77x2WCTDqvulSdyGaSr%2B0dRu37W7MMIB4NEaKnS7qDzT33%2Bj2nEMp8lHtnMC4B933ntWgsN8W2HWE2WfaDDjWzBAqDQ4IwiLLgQorwt4hfBx9veOzkn%2BqB2Oy7WsjvL6fGBruqRzbSMBoQdLXoybizBOVFY0bnGAXBsp4D%2BE2%2FmhuxQetqEkRG9yFfJ8tYWT6CqnpxDkGBNwQNWW6n5aDSbOS0iHSoXgAaZr6kdrp7BvT8OlwZ7P37YyZp%2FuhVWf5tMOyu5R2EADu2XmGOaM%2Fbck2oHlX6MDLziQNpABRnuERgo0DKPHj2KZQ3tQmC94vy8K428FWiXBDCsGah3DEyKdvE5sl%2F5IWV2bMB8q%2FCdpU0N%2Fr%2Fwotnac%2FxDYFut7YXYDliVW86zPs%2Bt6uE4DCLRHi%2BstEGuaP8%2Fd6Mp%2Fei8rJxPEa9Aq93UWGBctXLVNJO5%2FUvZ7N6q%2BvqDPv2zaoZUqMdtxxQ6rXrR2ByB33w7cMjxw5ca2QJDI2Pj%2BBVnbqFiFKT4Mt1dNpdlNHSX02IfRNLME7vslANJvU2Y6hEEwGxc1AZfON9sL4VRAH%2BsMDObarUodGweR8Q%3D%3D&nvMid=9270155631&catId=50002214
6,늘찬 품질좋은 촉촉달콤 꿀고구마 호박고구마 23년 햇밤고구마 드디어출하,"18,900원
배송비
무료
오늘출발","96,169",https://cr.shopping.naver.com/adcr.nhn?x=%2Fsk66qoiFoJ0BFiT%2BTRk6%2F%2F%2F%2Fw%3D%3DsH4NXe%2BKfsqR2XOXJf%2FXe72HA%2Bqt10LwwK09u5GI2PATrmbZKMw7CgD%2FASNNyGHGfMMFZurjCGZlqmQOd7fmhkUls1M9xucXxkPPt7QTmSRFr6kdrp7BvT8OlwZ7P37YyQC76lfNx9byZ%2B95XmbiqRhXDS6KJWOJiH9xQbyX6%2Buikb%2BmuGU3JWLPe4LKCNIAKpDDrcV66xZeX8zFc7zLYLHg1BzujOyM3aeyrlN7m8PKBNISxlr%2Byo3N%2FSD4BTYrbLINDTZx3pIpKIDHjM87hhGNQTifEJkc8zssk1Cb79wsy6VEKBpIAmi%2Bo7TgEUrcMwc%2B%2FjkR2vl%2B%2B%2B%2F%2BVPNlrhUQ6cpKTqlmYGalnAZlcEQ0Aqdwf%2BMgfa9RwTp3JzQQbx72P1MzfeDsyK%2BcBtz34gMDmy87OcoLyiphPWx7tApOLtTDeSDNdWRIoaW77jVKZsfQSZbWyojmnX04jFezDUe%2FuK28k4Nvs0ZvTl4LJdw6EwBHrb5uwjRhXoFJAFF6MyrEn0ym1FJBL%2FVuomhdWEmvo4C1UA3n71UDCtQYwo873JDM2q31w8OJ4n3d5oOGrlHk5lxJ6d1kDZ1ECWzJ5hXdzAz7KQLPDAOrgZkjtrz0GE%2BqSwAMybmRKOlKvXwoEwpHdgqUP2oYCXqBf0e9k7pO5mCrMSgMPS59Ws33R%2FGuoVEil8xQ4KxxFACrUUZyfV3OdHgSE8LoEjTx9zpNPbFaRsOtQUnaEEbxBoHxZXOc%3D&nvMid=6976052692&catId=50002214
7,[KF365] 밤고구마 800g,"4,990원
배송비
무료","79,349",https://cr.shopping.naver.com/adcr.nhn?x=mIbmKeOhVx29gv8yToXuQ%2F%2F%2F%2Fw%3D%3Dsd%2FczEDEpi0BK3uKyZyVKbdMA2pHeplyGmeoJTLCKAsZVcWKdXUnFrQ%2B8ykSAd8keL48tmQ0cG3oMRVOKeX%2B26Nof6jW5jHdz%2FbROY2pgmykluxxfm60J9z8rnZUjvqTWjBjkLOxXqS%2F2kSOwGSfrHJlpmKDxYwDQdJ0%2BcZ2gVQL6P6tQXbX27EFddkUDQdU0Qm6H4wCDOo6YCgK2xY6t%2FTL1dlelFmdpL%2BE1nwAwLFQBeh9Xqb0twtHBg8D5%2F4ZTuaxSzQkWU2kxXXI7y8DtMezitA4e7%2Fw543lyI4%2FGQJBtr0lLa7dpHZ00SIaH4V8oXhOdIG0z0A0VgioEVfIXyyvNLvKD0TvJfxE%2FdU1BPrUZtkTK9qCeZohzHzWUHIFAgGwmPNX%2Fe%2BXkuZ30duRQYj%2FN1gL%2FBgCKENDMCz1nm%2F2M4DaqUepb76TeZV8rCIAN35prrUVGFtn5gwzPcezqIpkgiVQOYg8P3sIHuqzjRhukNOg2PXuE0B2jAEuRQD3gFZchQwqvmVRRObyR8d3FAULa7eBoMHRdCVjklJZF4XdZDtLQx0sF5C%2FVb%2BGxN90HXhB5NrIX2b9w3HoN77NLJF%2Fo1PckBqeT9%2B9t4jBb6BePBimPDZwOttZjcrwUclZ9rm3otVbsA0tI9WYU6dXGjEUHD2YAejrP5YM6QPTTEUPLVWGr8fvvH1mWvUgXPK6j&nvMid=41581268853&catId=50002214
8,유기스토어 고구마 24만개판매 23년 햇밤고구마 10kg 한입/소,"22,020원
배송비
무료
오늘출발","76,329",https://cr.shopping.naver.com/adcr.nhn?x=b8pb2J8hnOCHWGqhM%2FF1EP%2F%2F%2Fw%3D%3Dsvo6yl2NKNTABb%2FF%2B2VIUDoNhOGfgiugrthPCcubWRHRVcWKdXUnFrQ%2B8ykSAd8kehM0EaFxUFPY%2FoPadn4nBX9yGaSr%2B0dRu37W7MMIB4NEaKnS7qDzT33%2Bj2nEMp8lHtnMC4B933ntWgsN8W2HWE2WfaDDjWzBAqDQ4IwiLLgQorwt4hfBx9veOzkn%2BqB2O891e9tn6IyTqKdfm%2BYX04uKpC1zIRZIVs1ato0u8u0lEjtM1tfiSieOPBAckgphjw1zGfUH1ylF4NvWx7CuAFKm1pQzCD6sEx31w6aQ2cturilkDeG%2B1rLU11UaeFf3disext5K2yYkF868rsMDqiZRIAGpae7mfGjcSARWBut%2FkW7VukPJHAYdYp5xxQKPCMVMhB95kr9tqBhrcVhp3ryQl3Aaa3rfKKykDLCWDL0RpGrmee0Sq0qKv6X1mtP%2FpCXMB3aYGpdp2eRFDOd0W7UUUXwW1B4w%2FN%2FzojRL%2F7SQe6oLIzES5JcF1AMMGCGAOYGdvzzwHdJXTPzkB8kUWZbu8ObhDx2IPKnjcLcd0q9Ahoy4BSQzA%2BhqF0U3ETH4T87mCU85AVj8kOUrnTLDImWWLE0Y1peY9gXvh5jJ%2FlDnRXc9f6pnqeIF3dKQEgaJNp%2FIi%2FsXXyXXHYmlUy%2BTTyLiHgbl58TrGgZ5QX1cfeZ6CqA6%2BrrPkSkQjk3bFq%2FUy&nvMid=4138338257&catId=50002214
9,[KF365] 호박고구마 800g,"5,990원
배송비
3,000원","69,320",https://cr.shopping.naver.com/adcr.nhn?x=yu1Qpmzd3F04HU0tEWHD1f%2F%2F%2Fw%3D%3DsO3coUpv%2FaqlnhuRCV0YLSTvMVSPxLQv6%2FFN3mAhyM0xVcWKdXUnFrQ%2B8ykSAd8kefXfnuvHU0yaPV73SBV6Ewtof6jW5jHdz%2FbROY2pgmykluxxfm60J9z8rnZUjvqTWjBjkLOxXqS%2F2kSOwGSfrHJlpmKDxYwDQdJ0%2BcZ2gVQL6P6tQXbX27EFddkUDQdU0Qm6H4wCDOo6YCgK2xY6t%2FTL1dlelFmdpL%2BE1nwAwLFQBeh9Xqb0twtHBg8D5%2F4ZTuaxSzQkWU2kxXXI7y8DtMezitA4e7%2Fw543lyI4%2FGQJCPC1q5dkDgMn7bxIoeUuWLgvg%2FJZ9TlLApgSI4nVTQmCvNLvKD0TvJfxE%2FdU1BPrUZtkTK9qCeZohzHzWUHIFAgGwmPNX%2Fe%2BXkuZ30duRQYj%2FN1gL%2FBgCKENDMCz1nm%2F3BStHbUAI%2FMcH5iioxjw8b35prrUVGFtn5gwzPcezqIpkgiVQOYg8P3sIHuqzjRhveCxuLl5v%2BIRodiEIiSMSTFZchQwqvmVRRObyR8d3FAdJc7BiwiqRTnXsC4W9uIXzn%2Bumugvu8uPlUvAZRph4by5%2BiqCJyLnbo%2ByD4zK8SQnV1BjgDCQDXOt9FSycEj5AugiDh5S8n%2B7Rc0MeNuzgds%2B61y8GDxkATIh5vT0ucZVp0y4L1QzkoJUbDMYb5GVDke%2FVP%2BgM94BPZkP5YJ%2Bex&nvMid=41581151217&catId=50002214
10,해남 세척 꿀 고구마 베니하루카 3kg 5kg 10kg,"9,900원
배송비
무료","62,825",https://cr.shopping.naver.com/adcr.nhn?x=ylhSSP0R0spEd%2BJAAIbf1f%2F%2F%2Fw%3D%3Dsw%2BHc3ENah0itAxSDDnnqBfZclo0BtaMyKgjnaZbRsraL00Wmf%2Bc%2FkOFzXHXxNt3OqOW50UojM9ddlvhp%2BO1QiR4pza8ebIOIXPrPsGGS95ek6v2w9jBqMGR4TTsgYaQnAKZvXp3oebSdy28g02tHiWK5zfsOJZQDQYjwG9Mpee%2BRmzTVsgYouZYD2cMk0sG%2Fa7kKGQXs2iiK5wAJrZGk7%2Ba0O2TX7GIDZW3de8vjU8wzsGsdZbp9x3i0euKTYMMKvhbw9XahTeoSxYTNHlORYRm2RMr2oJ5miHMfNZQcgUCAbCY81f975eS5nfR25FBiP83WAv8GAIoQ0MwLPWeb%2FfGbCYsBZB%2BluqiXXH1g3aFQT17zIMiXcBlxhXe9v46dJjoIw4cB9IIbrIIjBmPNcqX8GEjkibMwPz3vjB%2FKEy7N81WjUpxJVJrN5mDsz4BpS4zVRj%2Fj3egXlJF%2FZqh0GuwN%2FZ0jcEmcns%2Fw69YAvR7umxbbPn1enQgUt5wkmBE%2FxbKPp%2BcntnE9lfL3HK6f6%2FgvYVYDV9WIbx3pU5wwG9ohtFg6t4M2ge%2F8TBCQ2BLakAlOKwPahCEyYd9E%2BlamjjvO3EOlZkrLScbrUpUHCK7KomfZTWVEEauCosLtWnbQrNVcSM2zZswJmLmizKtjc4KoDr6us%2BRKRCOTdsWr9TI%3D&nvMid=82801390529&catId=50002214
11,"해남 고구마, 2022년 베니하루카 꿀고구마, 튀김용, 군고구마용, 무농약, 세척","15,900원
배송비
3,000원","57,020",https://cr.shopping.naver.com/adcr.nhn?x=Ca3dLKxK6wJcsWCAy5VQb%2F%2F%2F%2Fw%3D%3DsSR1q4pcH5UcqNUmF8NE15TQ545HJU%2BQN%2FipsECjpkNdVcWKdXUnFrQ%2B8ykSAd8ke4ZdavBgYP0tasJR5hJ6EN9of6jW5jHdz%2FbROY2pgmykluxxfm60J9z8rnZUjvqTWjBjkLOxXqS%2F2kSOwGSfrHJlpmKDxYwDQdJ0%2BcZ2gVQL6P6tQXbX27EFddkUDQdU0NGvEq%2FG%2F4HDwRV3p3jD0oy683n6ot7Rd2OS%2FrXob%2BzajGJVJDMGFMNzS3LuIAkRhfRAykuQ%2FLJgd7plIl4OJATwQfhyXCKBr8lDxoswsAETSwT%2BRKzZS3y4yen8fFmkN10YUr0jV9LGWxjitR09NXvq0gPRDGPJM5VfVlFHp1CiRSpMO%2B9P5mn0XASg8RbEgEnSuLwKpGEcvSsCAkuELXRm2RMr2oJ5miHMfNZQcgUCAbCY81f975eS5nfR25FBiP83WAv8GAIoQ0MwLPWeb%2FY6AkZXe5%2FRgGFhslF5MWCBbxBsrcGxprBFmaiiIWfZKmSCJVA5iDw%2Fewge6rONGG0wIzfE2K5Z90v49T9hD%2Fdt2Mu61t4DaYNzFeBsrv6k7A%2FKRESCDAiroBAClgil9XKVaqFLCZnIqD%2FRuvLxu%2B1Zu5vn0lfBQplILeXSflGJX5O2LGn0vglTcgqFAf07gLMgt20zaRIa93e5Ou99QOTIEqMK2x3%2BqGjdUy2dpRsfi1fNOztzPUxqNvt%2B6MpGPY%2B0KSMi8%2BM4VPktt6AUM3R3Tn%2BIvcxawVxNuePP9ktet85ST9pqDp0j00U666Krgny6mNXZ8x6vbomwX4MQs2gNk9ylNXGL1otpIDiBzmXBhQdAiJdwXirBRdnaxfvrBbw%3D%3D&nvMid=37830711301&catId=50002214
12,후기인증! 꿀고구마 3/5/10kg 모음전,"10,900원
배송비
무료","47,895",https://cr.shopping.naver.com/adcr.nhn?x=TyVQfeDWwRwxaMgPVUJGwP%2F%2F%2Fw%3D%3Ds3lOB7k3A2c3Fjzx1Aa7CNRL76IuXf2NHzXp2IptxuW6L00Wmf%2Bc%2FkOFzXHXxNt3OauBn1fNJDPp7BIGB9%2FhCPR4pza8ebIOIXPrPsGGS95ek6v2w9jBqMGR4TTsgYaQnAKZvXp3oebSdy28g02tHiWK5zfsOJZQDQYjwG9Mpee%2BRmzTVsgYouZYD2cMk0sG%2FmHYf9HIEVYHzw6n%2FNFah0afSax%2B2uaAnMMUpoZs3v2jZl%2B5VmAuxwIu3eo3voF%2BXLISbLaDbvp4n8I3x4W97j2KXOVYabk9%2Fe8F0tGLFTLnH5K0paWEVWsQmgMup41k9xdRtNYz5Rtgql%2BDjAqjDN1Vd6Z%2BmZ5fvTALbBBPmfKLmnGLANk9TjQtjOEdf9xG%2FFnsjitUM2oKzQrQis3c2nrArwJXBU9JLjUEn6KqhGOHx77GNZQIsClczublvmVfpiSuxM%2FbHIh6zW0LR6dTlKIwefsEME1qpc2agpsB5My%2F%2BP9%2FiPL1ElHAz2Z4c5XEezT8yKIQK4KRiw8eu4tcs%2BZqmVAjXqFDRic2rRIfllFlsZTLDQFHZ12gZiU2MkDnlBgofmCW41L4Gtzkf6gMY2HR9INs9ZpxiOekV5%2FkbMXFu3wWenTcPRJPoFI7PT7lsZDBpLvPyayM2u2USXRAicQN%2BQsjK6V0FLd%2Fybx7qcubNSE3OzZUT76KyqzckASmm&nvMid=30439761605&catId=50002214
13,[리퍼임박마켓] 늘해랑 23년 햇 꿀고구마 정품 2kg 한입 외 골라담기 - 해남 산지직송 믿고먹는 늘해랑 품질,"7,900원
배송비
무료","44,778",https://cr.shopping.naver.com/adcr.nhn?x=Y%2F%2B6Qhj5xP6Vb6w5cQgngv%2F%2F%2Fw%3D%3Ds2waqejcf0FLRUsG3z9QgHHdOy7y0AB8RsdCdXFT1WtLrmbZKMw7CgD%2FASNNyGHGf%2BlfKs7hQn7tyuXyVxzpTDEbAoeRkvpJaJBMwPydFbM8QhkkHXK4%2FmSRy5icYE%2F27S5RC%2FzDrxrTDRq9kUpMHaWLiRJpZyocV0GBRvymodq1mo6GiVPpr9J%2BMqhkGzZaajhRFkQRhS%2BhuCagSNle2wAq7cl4kdoPW%2BhKV4jYzYp2F4CxNLhsIgqMvD4YVNqrC%2FVf0KLB0YYus4kSTtJinb1V7oksz3vizmE16wXg7%2BlD84irqoupb5cHtoCFQH9lAJV03cukp%2F9sq6JmLvPVclGMqasjbI7WTWdCsFuN4OGzPx0fVof5nFQaEC3%2FWmCEJ59SKLBC687bmy448UuWP8cSGWqNrTgkwJfPH7WSOvVlzf1Bv%2FKmYB1yKbhSdlWfnMCc30c2AAnvneBoHJh5Spe6KfyflmRlRM1VEewUNc8HturcefrS6jvoze2mu7D4lkUpyKosfWLCaMxhcfNsu6kKisbuFxA%2Fin6WaC7zPBsLTWfkItPP31W2O2oSYnk36taI5z%2FVfvv8YiNWWkENzJqZWBqU7oKxqQL5b3%2B4aob%2BhAhL%2Be42rBLzgdpE0feFFvuqderiT4yKscDAHB9aBhYgJtIx2Cn8zzhHnQjKckJWxChwsQYZrTCyV4dzakWStI%2BYBImAe8zzXbpz%2Fv0RdGf5IHznJn72lJR9i7xqZhnVvU2Y6hEEwGxc1AZfON9sL4VRAH%2BsMDObarUodGweR8Q%3D%3D&nvMid=26332265862&catId=50002214
14,해남 꿀 고구마 햇 밤고구마 3kg 5kg 10kg,"9,900원
배송비
무료","39,900",https://cr.shopping.naver.com/adcr.nhn?x=ZbmJyVpc2ktESz9dQGt0EP%2F%2F%2Fw%3D%3DsHTfp3aCiI1%2Ft%2Bt7z0LiwmsBSMVX9v3Bi%2FJfAOBJWXQbrmbZKMw7CgD%2FASNNyGHGf7NJZFolNNsHYDVZzSl7A8EbAoeRkvpJaJBMwPydFbM8QhkkHXK4%2FmSRy5icYE%2F27S5RC%2FzDrxrTDRq9kUpMHaWLiRJpZyocV0GBRvymodq1mo6GiVPpr9J%2BMqhkGzZaaMBbAUTLhEczrfo6o%2BFCYJ9koDZhZTyE2PqJzLGA4wO4kGZ9cffu0tuwQkjUxgX3O7bKO23SrIc0JCMEY3c9yfg1yAxhpOJKZSxT%2FPuGo5WQ%2Fa18qhDQ1A%2FKJp3fgBDor391W%2FC1w5SVs2sYtTdFSeliF5IsE%2Fz4%2BrejLcnSkO5KmeblkrDcTWZyNcFv9bcYA3R8KWOLqILHoWo98nK5g9vQu8NyTvWFNosAeOITdoQ7nMy8nSBokqaLNJAS%2FL95vL0IQWqjNwEAh%2FLO8a5l1kKYWTo203Jsg21UzwRmuAK2dFc7JYtXpfXmccTQU7ltz3SJ65toFGp%2FXDOismv%2FksQrw0FXfpmNJZ%2BLqjhslNw7Tn%2BIvcxawVxNuePP9ktetTw2qC0J9P7meVktcFTAdSMG8iHwRVydpxAlUrOXWF3ry0nNB5bdIOr4ymHK8CcvGxyAhEKTy%2B0Zvtn8oYxIR0Q%3D%3D&nvMid=80974218870&catId=50002214
15,꿀고구마 밤고구마 꿀밤 22년산 3kg 5kg,"8,900원
배송비
무료","37,020",https://cr.shopping.naver.com/adcr.nhn?x=TlzuLLLJ26dx24R13MiO0v%2F%2F%2Fw%3D%3DsWeEOUK4btpZikohUI6ip0NUkwJBverSs1Uhj8WgKWc1VcWKdXUnFrQ%2B8ykSAd8keLbhqIZ70nCzwSEqJnabaX9yGaSr%2B0dRu37W7MMIB4NEaKnS7qDzT33%2Bj2nEMp8lHtnMC4B933ntWgsN8W2HWE2WfaDDjWzBAqDQ4IwiLLgQorwt4hfBx9veOzkn%2BqB2Oy7WsjvL6fGBruqRzbSMBoQdLXoybizBOVFY0bnGAXBsM1%2BgqFBup4bcG%2FkQ60oozN8xWrczJllpwY5nN8rbZmtWW6n5aDSbOS0iHSoXgAaZr6kdrp7BvT8OlwZ7P37YyZp%2FuhVWf5tMOyu5R2EADu%2BhCK43taZNMa13GBA1jbz9awaEwZ44eEioiUqfCkuIZ9C58%2F85KBNDQlyQGnPTmJG26lW7r%2BaTcWJ6t1V%2B4yuZEtvRIWIEU9uXmSrcHfTZ%2BUS%2BN0bOoW8tPBOPuXBNfB2hwro0Sli15OAg9oXlUa0SgAffswOcYJRloSzpuwCIFRXZD1dy0mtzBaZtasScRDR76k1h9LvZw%2FbhDe2zzXLQ9XM9OvGyUcg%2BzMP9Vh77%2BdV%2By7wGy6QjhlLkQn5v1QzZ4r8G%2FN9eIF4w%2FQbcduRXWLz%2BDIUGnCi9cZn7ummBLDhLBwu%2FFQS5xWYf5w6G3jQ%3D%3D&nvMid=6669074614&catId=50002214
16,23년 햇고구마 꿀 밤 고구마 3kg 5kg 10kg 베니하루카 토울,"9,900원
배송비
무료","33,098",https://cr.shopping.naver.com/adcr.nhn?x=52g97SbnoYV9aL4s%2FuyBsP%2F%2F%2Fw%3D%3DsyT9X2K%2FlprXWBAMXmuiRjkLtL2I9wIWomAD7BT%2FCh%2BiL00Wmf%2Bc%2FkOFzXHXxNt3Ox7bqdaaurVzNdMu5JRboZB4pza8ebIOIXPrPsGGS95ek6v2w9jBqMGR4TTsgYaQnAKZvXp3oebSdy28g02tHiWK5zfsOJZQDQYjwG9Mpee%2BRmzTVsgYouZYD2cMk0sG%2Fa7kKGQXs2iiK5wAJrZGk7%2Ba0O2TX7GIDZW3de8vjU8xYviQnqYkt%2BDil1yA50DGV0GmIa%2BdxTRnYcFKI99k7NInpEnR0xARmcsv71hANMbC54J8UO7LDGXdPU9Do8oyMXmq0wb8nQ9S1CNyVqQgAyDRlRtgrZ8AtBqWKOh1Uc0fWo1X2PQPy8rEL2A5BANyXmSCJVA5iDw%2Fewge6rONGG%2Bxhf2AFsLHi0LwjZP5ULFthAKuBxEhPkTmbyumHHysa3wCnUL6nT4rqEAxGNO4VFR9XMMJN48%2Bfb1oebicAPu7Zd7Aw6jmQzMxzeFRUUujrjoxhrikalOKUui%2FU32wAgYBVMBfBKfPIFCDkJ8G7Juk6vCGyE%2BGhXKH6hlEfS7tpf4KEBcAlu9qNZ%2B56Qz4PUNSCBcXh3pXvNGLCvOcuiFC36QbPzAIj2X7%2BK2bO4G6suJWal75pwNG7PessEBgddrPyZrdKJEv%2FJ%2FBC%2BnMQ3fQGruH08DlKshetxY8KUEZb&nvMid=13032240499&catId=50002214
17,23년 햇꿀밤고구마 출시 퍽퍽 담백한 식감,"14,900원
배송비
무료
오늘출발","29,412",https://cr.shopping.naver.com/adcr.nhn?x=flMsOIlvzVtCDc%2BsFOG7Nv%2F%2F%2Fw%3D%3DsGz4ATlc4fn7iXxfCfDCGv%2BUIiKD3pxfuSQNjqaUL%2BgrrmbZKMw7CgD%2FASNNyGHGfZ8R0A4TN6DpPKzrxUXLN6EbAoeRkvpJaJBMwPydFbM8QhkkHXK4%2FmSRy5icYE%2F27S5RC%2FzDrxrTDRq9kUpMHaWLiRJpZyocV0GBRvymodq1mo6GiVPpr9J%2BMqhkGzZaaHzjT2Tdu2wQ64RvHuOGkC8PsMQLLZK4L2hMMBuC%2FVayjRMj4hZa6odNpRDZxIHnrU36VWc3oAlnIkBaZFcopyU7To%2BfAVAHL7Hmjya9d%2F2%2FH5K0paWEVWsQmgMup41k9xdRtNYz5Rtgql%2BDjAqjDN1Vd6Z%2BmZ5fvTALbBBPmfKLmnGLANk9TjQtjOEdf9xG%2F98woa3gxRBQmjAdA29AthfwngPtp%2FPn%2Br%2F0y6Ao0xYuZIIlUDmIPD97CB7qs40YbKkafoVdN1wGyQIf2icyyTGEAq4HESE%2BROZvK6YcfKxpK2jbWSWvAjAxJLcehjAFIjhvIO5em6jbIUAVTJqi9EgAUkfdS5cnLofAeKpmGbz5alDIU%2FDtcUtVirGLH5%2BWDSRplfJYWql72G2wcMTglpyEYgn3YLOzaOS4E5EV3Fd98CXl251OpmWizflz2KEWce3bz1C1PVDFBEbhxfGFYxM6b9gBPVT%2BcsEXC1IsNZr%2FHICEQpPL7Rm%2B2fyhjEhHR&nvMid=22969952163&catId=50002214
18,세척 꿀고구마 10kg 5kg 베니하루카 한입 못난이 토울고구마,"12,900원
배송비
무료","28,185",https://cr.shopping.naver.com/adcr.nhn?x=Z%2BEs1MP9shbOIfut2YSShP%2F%2F%2Fw%3D%3Ds8WB4t4hkWvNeta9eKKl4YxoQpTra2aqsG9%2F7ZcIwispVcWKdXUnFrQ%2B8ykSAd8keuy94A4sMuLodwJbH0AEC3tof6jW5jHdz%2FbROY2pgmykluxxfm60J9z8rnZUjvqTWjBjkLOxXqS%2F2kSOwGSfrHJlpmKDxYwDQdJ0%2BcZ2gVQL6P6tQXbX27EFddkUDQdU0Bju2H9vlf%2B7%2FVgVUBSeHForiPkxPAXjk2LX8wmqtKDTwSXasCgcCa0VNCRyNRBaD0CQvYPh8MvWju6sD4f%2FX5tuak1oqkl4gDAvzbLBupdoQhkkHXK4%2FmSRy5icYE%2F27nXOSVCysSuaF7Of2P30WFyDpMP33KeiWshryNaFFXG1v1%2F1Oy2wGa91FFG%2BlL%2FdaHc7d7Jmza2C%2F0NtaEMyYXoAC8etqDeQrE%2FfpX4O%2B5LjKcCFWJRVcNE0pMEtOz5g71NHiZiqpAzvvcuSJadbCjmn8wWeq%2FGXqQt7WlPGGTpkhNrK7V1OpEUlKj5GKSDcvut7qVVyPz2kxXL7rl1Sjp%2B%2FteXacUTXoDlrHzyzZFlBBt9XzULp%2FCqgwwXdOkVpiune3q3T6bT1a2VVk9wJwDLVCQNvnTnohENsmUrLHJ%2FkZhvUqbcPnTWmwSDSiRNObVMeXRXbBewSKTIIzUraG%2BliKV31IpCzMnImw7j4IpVUGruH08DlKshetxY8KUEZb&nvMid=10428987352&catId=50002214
19,영암 세척 꿀 고구마 10kg 베니하루카 황금호박고구마,"37,000원
배송비
무료
무료교환반품","27,801",https://cr.shopping.naver.com/adcr.nhn?x=SgWBlGDLoTLlavmuAAtN2%2F%2F%2F%2Fw%3D%3Dsw7joK2tQklH4pD6XO0lw0qg%2Fk85W50V1PUGIax6REkZVcWKdXUnFrQ%2B8ykSAd8ke1%2FsNEiH5QhewAUbulhTwXNof6jW5jHdz%2FbROY2pgmykluxxfm60J9z8rnZUjvqTWjBjkLOxXqS%2F2kSOwGSfrHJlpmKDxYwDQdJ0%2BcZ2gVQL6P6tQXbX27EFddkUDQdU0Bju2H9vlf%2B7%2FVgVUBSeHForiPkxPAXjk2LX8wmqtKDTkFOpwo5ynBRdJRAUSXaElSK20rj49iZMnr%2FCcAIGGAtuak1oqkl4gDAvzbLBupdoQhkkHXK4%2FmSRy5icYE%2F27nXOSVCysSuaF7Of2P30WF9ArwFire90ytcG7kp7FucOvGfcWCgHnl7rBsTIEcSdEkuxKgYKjarbvVBVcqQDLFLH6AzlFq7RqeRMTPOz6PhjqaJF9vYPVWOD%2BBDkH0dUeSbzPw92CtEWzYURHebxyd2kUzFnC6JBU9wDArU5HsDiQup8hc3V5Qhd9mxgGKKHDS7pDcPl5i3nSQQywsO%2FR9d0ieubaBRqf1wzorJr%2F5LH%2FnPPFzBNb1%2BGuluuYqxS305%2FiL3MWsFcTbnjz%2FZLXraW104n2PV7ymq5%2F6KBhfC2ygtW%2BGV6hguejI7nb30vA8psyJDDj8RofTlDoN6uWWscgIRCk8vtGb7Z%2FKGMSEdE%3D&nvMid=12499624698&catId=50002214
20,유기농 달수 고구마 1.5kg,"12,900원
배송비
무료","27,434",https://cr.shopping.naver.com/adcr.nhn?x=CI%2F5KZOEQey0ceddGJroP%2F%2F%2F%2Fw%3D%3DsFZSAkq5NLpmYT87g0K51CHXUi185hJmQZ%2BkwSZpBt%2B6L00Wmf%2Bc%2FkOFzXHXxNt3ORqWZoWgm%2FfvNQwwAlhUTvR4pza8ebIOIXPrPsGGS95ek6v2w9jBqMGR4TTsgYaQnAKZvXp3oebSdy28g02tHiWK5zfsOJZQDQYjwG9Mpee%2BRmzTVsgYouZYD2cMk0sG%2F1riwjnbWyJHDmNRw1ShmTf61utQpEeF9Rx9bTcaEJ%2FMtT%2Foz4DeVjNy2F%2BmsJg9UxNaD4KxkqYTWjoxfdKilygHDtsfXuzWVAqUrP4nKq50OYRAXiMw6bRczucp4gO7amHF8VxuL%2FkYH8sMrUY6bCw3R8V4RCu1trFCT9lCE4HvSaqOc26pgTXAoArXwR31%2FQ%2BD%2Fo9glb0ukJK6bM8miKArsK1DNlYuW6vX8WB7j4Skpit8%2Fx1Dzbbh7EFVgft2l8SJp6n9%2BYJauCLGOW2RFH1d%2BqILAG09hjAR1K3qLYkAhlD1daReorJ6d3X7X3Z761gN0hfWMgrMLk%2Bfy%2B0xgXBgpqlOS%2F2kBBo8Mu%2BrLUZCjriKAWZQDVcbV4JYpGUs43aMvlpYQMSYpGqDIUGdyoHe1j74BpWfzMLAw8EaLnzrj4ERgsKJQhlYE8PB6F3Yg2ZVWCwxCaZyPHBegjD0iFtiRvyRWtu9mRse8Nr35WNHyG00R0x2Cy12IH2ShSUfJhWw3%2BIByOa0jCVNQVnCDoA%3D%3D&nvMid=41581186491&catId=50002214
21,친환경 한입 달수 고구마 700g,"5,090원
배송비
무료","26,136",https://cr.shopping.naver.com/adcr.nhn?x=%2BUz86i%2FvS1Yvdm8qOq7gZv%2F%2F%2Fw%3D%3DsNxM1kXejlGr%2FTismKfyG08kUc89jwNYQc0tsZAgjvYFVcWKdXUnFrQ%2B8ykSAd8ke4Eaa2M09AdPMYcySSO3u%2B9of6jW5jHdz%2FbROY2pgmykluxxfm60J9z8rnZUjvqTWjBjkLOxXqS%2F2kSOwGSfrHJlpmKDxYwDQdJ0%2BcZ2gVQL6P6tQXbX27EFddkUDQdU0Qm6H4wCDOo6YCgK2xY6t%2FTL1dlelFmdpL%2BE1nwAwLFQBeh9Xqb0twtHBg8D5%2F4ZTuaxSzQkWU2kxXXI7y8DtMezitA4e7%2Fw543lyI4%2FGQJA5howM%2FDDw9lMH5JnqcwX7rgk2UfpIrnLvHw%2FTC1v%2BUSvNLvKD0TvJfxE%2FdU1BPrUZtkTK9qCeZohzHzWUHIFAgGwmPNX%2Fe%2BXkuZ30duRQYj%2FN1gL%2FBgCKENDMCz1nm%2F3DutKryJuoV%2Flcl%2BQIHcC%2B35prrUVGFtn5gwzPcezqIpkgiVQOYg8P3sIHuqzjRhuc1s6vcY7IuNi5027jGYx%2BFCJLeTNMiIpdd72TMnUFR13X6ZkJl8hRaIov2JUTwQPBj5liIuyFvTj5wG40Hgg9Z%2BkC6Ns7Z6npvP1lXOsTRU1W8aoy8zco4HWTm8v62e1wqca7NO2IabMsiPMLLZPy9CN%2FislXlArhDaye1bKIeM9Ldi1m29FLHbIQEcw2WJljEsUkLnZ93DYp%2BRt6bswGDhLBwu%2FFQS5xWYf5w6G3jQ%3D%3D&nvMid=41581242719&catId=50002214
22,꿀고구마 달콤한 첫사랑 고구마 5kg(중상50~100g),"18,700원
배송비
무료","25,442",https://cr.shopping.naver.com/adcr.nhn?x=vt4rxiQSBkJZU7t0f%2Fqdi%2F%2F%2F%2Fw%3D%3Dsym7XAnv79z41BKqGCYliGm2sP7l0m6Y%2B4LFP3N0Oe66FIIrWPZ%2Fkx9WnOlT%2BPnWHbvFqBwLTkOHZEyobxCk0E0gAn8lD2%2BxrgblrBqYwPdUckd9Ca%2FSccvvQHwZvN6rSEHGftEMbfo1hinJTOe6nUg1SAvw1Mt5rySFVqhYw%2Fr%2FzF9CvMpZ%2BnYxIhsYsxVunC%2BcJOraReA9%2FzcNRzdvFBuwyFsF2GHDnFDY5wKLwT6cZ5JVhwNWZG%2Be2kvVr6e8%2BvyudouaLYJU%2Bg72%2BT%2F1kDytuDYL%2FMKcwspUufLurFtSrCRdUxvA177jl0VodmokhNUJnit2TyE8yh3GxJ0fiPPaPEBC4LR7wPnLGQwPjQ8zbcRMFvJRe%2FBO7KeDT9jwaJjoIw4cB9IIbrIIjBmPNct7pEubFh72w4nbnExGSW8%2BMHn7BDBNaqXNmoKbAeTMvi0UPLmZ38%2BPjasav%2F%2F58K1g%2BdYmjezpX8gaPY6Gl65LF4AOue7Zs0ZkDh7VJMT3mln1w0VNzyT93SATJ%2FUQfLikqhVR4ygZxgbavft0YREjiinoKFC3An%2Bl98T4FmLFVKYTOF5KsHq%2BigGAc1pAeZxOq4bWjhvF2CWae5dOPSyO3Ej2TKfjOs9po5sth5Db7iBN%2FvKthF%2BgHhlYRfuOG7gau4fTwOUqyF63FjwpQRls%3D&nvMid=6671668698&catId=50002214
23,[예약] 고구마 애플구마 2kg 3kg 5kg 꿀 세척 해남 (8월 16일 순차발송),"18,000원
배송비
무료
정기구독","23,031",https://cr.shopping.naver.com/adcr.nhn?x=MEzG23J1umGcEy%2BuCWfz5f%2F%2F%2Fw%3D%3Dsty7sRD49cGtt08rZfzsic23r%2BXLRYS7Rin6IVh6oB%2BjrmbZKMw7CgD%2FASNNyGHGfTJkvOqexK6TIJk%2Bg5dz6MEbAoeRkvpJaJBMwPydFbM8QhkkHXK4%2FmSRy5icYE%2F27S5RC%2FzDrxrTDRq9kUpMHaWLiRJpZyocV0GBRvymodq1mo6GiVPpr9J%2BMqhkGzZaaMBbAUTLhEczrfo6o%2BFCYJ9koDZhZTyE2PqJzLGA4wO4z2UEl%2F%2F1tnQ6TPjiVJ0%2B1DgSkXxh5EK%2FsJek8a%2FCC6A1yAxhpOJKZSxT%2FPuGo5WQ%2Fa18qhDQ1A%2FKJp3fgBDor391W%2FC1w5SVs2sYtTdFSel1wabXzAupSDNFl7EZ%2F21zk9%2Fdo3yN%2FNw%2B3N1yOh4fB3R8KWOLqILHoWo98nK5g9nalu36hNKfJ%2FzFIkdmJqhIYgCRjQHWkzkPHeJKvvEHXVwtKYBGNIRDjV547nNv9kHPuysUFeHHm2OA4zzwwlvjXXRREnTDQqXPTWlBx%2BwaF3%2BYxnrYELC9f75%2FufyJ6H0HQHUyAh9WbAyVoDjGmoOl4g4Of3l4i2RoG5TrvzBKFoRDfuzNbhI7F3OPWuzZefMrUR%2Fs6TqkEYHp1EvDUW%2BWCnfkwzJ%2Bd%2BXCGEFQlKy9eLnb4HcK8lmRw3H5918e8r1Bs3kRRHIWwJA47IvE5y%2BA6HJZQgjI8VSlbO1R88zJ2DVCYCaeglF2rgr1u2OQIzQ%3D%3D&nvMid=12936252492&catId=50002214
24,꿀고구마 22년 3kg 특 2세트 구매시 1kg 증정,"22,020원
배송비
무료","21,930",https://cr.shopping.naver.com/adcr.nhn?x=OyHixl3b3bsoJra77nZU0P%2F%2F%2Fw%3D%3DsTLFQ7tRKxw%2B5ifHNk8OdO7I8dV5qkPI31uavGp0TbQaL00Wmf%2Bc%2FkOFzXHXxNt3OsoC7CWJPTd4Tp7TKc42RtR4pza8ebIOIXPrPsGGS95ek6v2w9jBqMGR4TTsgYaQnAKZvXp3oebSdy28g02tHiWK5zfsOJZQDQYjwG9Mpee%2BRmzTVsgYouZYD2cMk0sG%2Fl4pmbPu6dscUeVYAH5HirOJcED6SHuof75F25EGGuY%2FaLxyhUoBZHPPGG9Uk3m5cKDzaatd1FIuSVN7n3DjNHyW0xp%2FIJSW5YesvM6B40rPbmpNaKpJeIAwL82ywbqXaEIZJB1yuP5kkcuYnGBP9uwVt%2Bq%2BEGbIURH4Pt76u0TYN7yUIfelIK1DxsytQlYZ9Xa1PYAb0zmPF1cRoKRscXXiw%2FjPgxCj%2F64QNGjiwkFrAB7P3jMpdKFzHvFWfIDsggY%2FGEQtzgsOpvqybHZzS9DJgxzx6%2B1b6zmH30V%2FhSDazF7PviOST6vPYv8L1ehawuuDILOaCgaY62fz6mSmOcN0ieubaBRqf1wzorJr%2F5LHTzncLOL0XelV7gPCftbp8NiFgIp6Q8IO9tMwX%2FAlCl0tP7Z6BpdaeLWJXhxCEQnsdgUIVg4Pb1%2BzbdLllvevmGL3EvaPJeu0QXm3wCkkGrx0cjwVm1BUYVknE7IEMpz4%3D&nvMid=23097943080&catId=50002214
25,23년산 해남 민경일 무농약 세척 햇 꿀고구마 3kg 5kg,"15,900원
배송비
무료","21,414",https://cr.shopping.naver.com/adcr.nhn?x=PiuxeC%2Fp1OZSTGbUVRNJC%2F%2F%2F%2Fw%3D%3DsDjZy84S6Kr6JHY2EtMO5Ok2xfuD1B7363yRBxw4OBxbrmbZKMw7CgD%2FASNNyGHGfZQoSOP2vNBt6aIKc0xch3EbAoeRkvpJaJBMwPydFbM8QhkkHXK4%2FmSRy5icYE%2F27S5RC%2FzDrxrTDRq9kUpMHaWLiRJpZyocV0GBRvymodq1mo6GiVPpr9J%2BMqhkGzZaaHzjT2Tdu2wQ64RvHuOGkC8PsMQLLZK4L2hMMBuC%2FVayjRMj4hZa6odNpRDZxIHnrU36VWc3oAlnIkBaZFcopyfbtJUjEb4A6Jm65UM0H58MYcALto6nLVmyG5QeuYU3aJPAp9vtQYJEyvlXx%2BohzrsOmY27ZGze0Q%2BtXRlM4OxtarJoVrbEtunAYIkKGowOqBhve4E%2B1F6rFp%2FvNn5CGQLArwJXBU9JLjUEn6KqhGOHx77GNZQIsClczublvmVfpC3xofl24%2BIMqpAlXnK%2BmO4wefsEME1qpc2agpsB5My%2BaxlGR5c8Z17yfHVj2p6%2FMOgzzYmlL%2FpC4jIfVsm2KI0PC02Qz4LvSTighNQmnSHy7q4d6fSEIZYeC9zJ0oniGuB1EfjYfKznfkT5MXaiwT8%2FeMMQ6p9L94P%2FF7u%2Bk6snc77QUBkD7UDbdAdiGO9vZGiG0%2BMD09kVauJJ3YSFa1LX5fIyCE9i2yRK7QXTgdmcDAnXKeTs1GRXaiXbDUKXIy1Vhq%2FH77x9Zlr1IFzyuow%3D%3D&nvMid=38548945204&catId=50002214
26,해남 베니하루카 꿀고구마 2kg 5kg,"9,900원
배송비
무료
오늘출발","21,335",https://cr.shopping.naver.com/adcr.nhn?x=9tUAotOuqQaN7FlapkY0hf%2F%2F%2Fw%3D%3DsIJfxrcCCmTxZH4c9c7%2B2trRy3H7m11tZkerApCV%2FlKJVcWKdXUnFrQ%2B8ykSAd8keozO4p8ZieA1D8Dc0UAdOg9of6jW5jHdz%2FbROY2pgmykluxxfm60J9z8rnZUjvqTWjBjkLOxXqS%2F2kSOwGSfrHJlpmKDxYwDQdJ0%2BcZ2gVQL6P6tQXbX27EFddkUDQdU0Bju2H9vlf%2B7%2FVgVUBSeHForiPkxPAXjk2LX8wmqtKDTcBS9QfEGyOCXbZxdCBgGacPTAj0WXDmS2%2Bm42aV7mKNWW6n5aDSbOS0iHSoXgAaZr6kdrp7BvT8OlwZ7P37YyZp%2FuhVWf5tMOyu5R2EADu9qrcCU6d29i2L7TAMjF6mnOx3fJF%2B9hmmW6qoqMP12twA6pZnDDgGiXWgdAbJcNGjecOvsLI7YPsT3OGbpHCh5JmIt2FEwOKOOqP%2FwcFDOAqDJtF9wxwMs9LadDwy0xV%2BGF2J%2BYnR8xyne8eBHpfnosGQ23Pd41lXv2n0pxgfBi%2FwZzTj6nwKY1Rrfilm98pXM7ya6JTflbczeLO6jVzH8AfsqWn8WVXwKTLRiA4mWMhTTY0rcPeScNV0l4iFcKoL7MUpb738aPQaRZAR4Vk7iIE3%2B8q2EX6AeGVhF%2B44buBq7h9PA5SrIXrcWPClBGWw%3D%3D&nvMid=82751191601&catId=50002214
27,촉촉달콤 전남 세척 꿀고구마 특 3kg #베니하루까,"22,900원
배송비
무료","20,333",https://cr.shopping.naver.com/adcr.nhn?x=oDA5bdjUINOoKzRpRVQFGv%2F%2F%2Fw%3D%3Dson%2B4MGgxpGXGHWE8YomLaQ6nH%2B3UpixIL00aTBsJ0anrmbZKMw7CgD%2FASNNyGHGf4CKwNQqRHMk%2FYK2Al%2FIugUbAoeRkvpJaJBMwPydFbM8QhkkHXK4%2FmSRy5icYE%2F27S5RC%2FzDrxrTDRq9kUpMHaWLiRJpZyocV0GBRvymodq1mo6GiVPpr9J%2BMqhkGzZaaHzjT2Tdu2wQ64RvHuOGkC8PsMQLLZK4L2hMMBuC%2FVayjRMj4hZa6odNpRDZxIHnrU36VWc3oAlnIkBaZFcopyZBwtAMbbrvuUS16Jwn1fssYcALto6nLVmyG5QeuYU3aJPAp9vtQYJEyvlXx%2BohzrsOmY27ZGze0Q%2BtXRlM4OxtarJoVrbEtunAYIkKGowOqPhTWXB0NU12x1nBDfXlP%2FbArwJXBU9JLjUEn6KqhGOHx77GNZQIsClczublvmVfpPgDcAtk7LTCfS6TUPj6mgYwefsEME1qpc2agpsB5My%2BzNF7iBhRu%2BmDwLD%2FFHZQni7VvTfzmvZLOfyxIWeY%2BnQh5TKs7S7qlfKUqWbTNprfXNw8Z2a2AJjOuPEqK0Bq5BqrCNkScgyPwRhdCAvg%2Bpg0DQETwOs5cWPPUhiXBLrOjrgWQ%2F0JBsjHud4pzo5y1EzA%2BJ8Tb%2FA0E%2B%2BdoJl%2Bd9wV10gLGRZQtgyJt0PwgBhNspT30m0MClrh%2BzjYDggitgqgOvq6z5EpEI5N2xav1Mg%3D%3D&nvMid=24724357737&catId=50002214
28,유기스토어 고구마 23년 햇밤고구마 10kg 못난이/무선별,"27,900원
배송비
무료
오늘출발","20,269",https://cr.shopping.naver.com/adcr.nhn?x=6Ar5TEcwsi8zo5g%2FaGg%2F8%2F%2F%2F%2Fw%3D%3DsRt23DpzvuNJy7OKxjwqdXjsQzJCEtOpoD5waHbs%2F7q2FIIrWPZ%2Fkx9WnOlT%2BPnWH0NjlUBT42MjKxT16MPJLvkgAn8lD2%2BxrgblrBqYwPdUckd9Ca%2FSccvvQHwZvN6rSEHGftEMbfo1hinJTOe6nUg1SAvw1Mt5rySFVqhYw%2Fr%2FzF9CvMpZ%2BnYxIhsYsxVunC%2BcJOraReA9%2FzcNRzdvFBuwyFsF2GHDnFDY5wKLwT6dV4898w3Ac9Ig0QVai9%2FmtTCntdtckMTpUyHnttyk18ituDYL%2FMKcwspUufLurFtSrCRdUxvA177jl0VodmokhNUJnit2TyE8yh3GxJ0fiPIxLQNMpIhJigsN3oNueprbTqxmxNQpixBjievtJjTS3JjoIw4cB9IIbrIIjBmPNcoONMtnqYHPFG7X4wR1VIlqMHn7BDBNaqXNmoKbAeTMvE9MrNJ%2FGLASS1q4eexmjS6AKpVYw8TB%2FVKGOXbyJC%2BA3xzy4necK5g%2FXivgedc6QDPbwOFGAt29CNzOMla3%2Fs2v5NGPeHWoUFV1cmNfB0AaniRJZy7uJJATzPxoWPa8BnEZZgLXPySxtbLnrqLYJ5WU3N0kWCShHUw4vdlvoRYUtPcJm71SSy8E4WrSHlFjy60xgIUGq80Oc0zXqWvMHyFdznR4EhPC6BI08fc6TT2xWkbDrUFJ2hBG8QaB8WVzn&nvMid=4122670264&catId=50002214
29,조은해남 조은해남 달콤한꿀고구마 특상3kg,"17,580원
배송비
무료","18,958",https://cr.shopping.naver.com/adcr.nhn?x=tz1S1dKfebJCyFGmItrzOv%2F%2F%2Fw%3D%3DswhmmSql5VpLNGS3lVGE77poDkViTcl3nTSlpzPi6hWJVcWKdXUnFrQ%2B8ykSAd8ke1bdm68AHOlb%2FHh66uOBMmtof6jW5jHdz%2FbROY2pgmykluxxfm60J9z8rnZUjvqTWjBjkLOxXqS%2F2kSOwGSfrHJlpmKDxYwDQdJ0%2BcZ2gVQL6P6tQXbX27EFddkUDQdU08B34xEmfiu%2FUJU6UsjNQJisG11Z6sBhoDOyYj9p347k0Hyqftw4GUpgaZ7C1P49sQrppoK%2Bwn6d8KsQnmdIv8lV7oksz3vizmE16wXg7%2BlD84irqoupb5cHtoCFQH9lAJV03cukp%2F9sq6JmLvPVclHWlptYnDUPx39BTLwzr%2FvJV7PTaku9xr%2FEa2XAT4Cipn4nFTSmHzBKpJIWWJ5tsWE5pm%2FPZAIcJ460b%2FFcVCLp6K503jBTFiO%2BslOwbxo4OLaMQHkTxAtTDS8pp6DMFNDvuZ4dIhtOFnTUEVesXGSVPpfixqA7v2PbLbQUwyrvW757ZPo%2Bgu2u1l8j5%2Fn0L8mtSp1cfk2exv3EVzhTvXAd0xosIranP1VwFbzwIJ4d1sQocLEGGa0wsleHc2pFkrelxYBHjoapY%2Fcbj4VGP2T%2BhZoHbxJhA5dxPusWQHeETb1NmOoRBMBsXNQGXzjfbC%2BFUQB%2FrDAzm2q1KHRsHkfE%3D&nvMid=36797071247&catId=50002214
30,아이스 냉동 고구마 군고구마 1kg 120g 엿구마,"22,800원
배송비
3,000원
모레 8.17.(목) 도착보장","17,028",https://cr.shopping.naver.com/adcr.nhn?x=dUbnAwju0oo1XHOYQNNQY%2F%2F%2F%2Fw%3D%3DsXwzgJXsRcCRQWnaNWsf%2F0F1nx2veKcZoHgEbJ9t3H%2FdVcWKdXUnFrQ%2B8ykSAd8kenp6LO%2FinDJjRu9mdmPEaoNof6jW5jHdz%2FbROY2pgmykluxxfm60J9z8rnZUjvqTWjBjkLOxXqS%2F2kSOwGSfrHJlpmKDxYwDQdJ0%2BcZ2gVQL6P6tQXbX27EFddkUDQdU0Bju2H9vlf%2B7%2FVgVUBSeHForiPkxPAXjk2LX8wmqtKDTxyuZp1tiGh7nWnqIHIYBNNuy18eifLlT6k6jjChS3ONuak1oqkl4gDAvzbLBupdoQhkkHXK4%2FmSRy5icYE%2F2772e3MtFfv9yQbDbLFwar44P%2Fu8PsrjRZWN%2FtyTtV1dFZTYKO2YTpApN3NoEuaq9Q8H%2FHsGDNfoEn9A38eiYNUhdKNvXf62N4EjWzNg7%2Bv3Iij4meY8EuzxD%2FSNS7q%2F5IVpsQAhp5XKE3bO9F5%2ByCtH0VPOKQB8G6mWGOST9qKSsSOjceFJ4eKlkjWhC4eTdRoSIaDjPVMiIZsD%2Bdb2T6Pqwaqd4G8l0jIKro2sQum6PYiN4aXUcciEvLnmAb%2FrIkrqrqyLizw4sr0uWFKqIXJ8Zjgey5Rgyg23Vmw4MZYX9w8hvwHo2e9l1SBzOi%2FcWmA35CyMrpXQUt3%2FJvHupy5twbSSB3aqseWCywGjmR6tQ%3D&nvMid=11537707708&catId=50002214
31,영암 황토 토울고구마 꿀고구마 5kg 10kg,"14,900원
배송비
무료","16,556",https://cr.shopping.naver.com/adcr.nhn?x=zeeR9kDm89g%2BHsTLI5pzNf%2F%2F%2Fw%3D%3Ds9uWwo5MK49F2e7b8Xmv8d9bSAXWuNibRjBb6%2BoS4xsBVcWKdXUnFrQ%2B8ykSAd8ke2sdnjHYMeXXnRLIVaJ0qr9of6jW5jHdz%2FbROY2pgmykluxxfm60J9z8rnZUjvqTWjBjkLOxXqS%2F2kSOwGSfrHJlpmKDxYwDQdJ0%2BcZ2gVQL6P6tQXbX27EFddkUDQdU0Bju2H9vlf%2B7%2FVgVUBSeHForiPkxPAXjk2LX8wmqtKDRdwVlMbiyEx7%2FUr9mv9pSs1Z1CpV2eqh5OvW4ngHOzKNWW6n5aDSbOS0iHSoXgAaZr6kdrp7BvT8OlwZ7P37YyZp%2FuhVWf5tMOyu5R2EADu%2BVrGpU%2BKj4z2XaQoO6CJRU0UufkOP4tHUH28ZujJUnhb5LemXkCpvXI2tz6Qj9zvjT%2BfFjCp2NQev%2B6gkTFj0dbfAHUln8lUd6HjTzKCflbVkYcytlI8SAqidC7Yt5V%2FSFZuNg4UAU1g%2FmgHQ0clG577Oygiy5K%2BqPxCuG2GHkmuby%2FvZPRnoRPIeQerQvrBk6n5sxLlqoAtnT2zQol%2BvIphM4Xkqwer6KAYBzWkB5nZIrOVBGMKjSuXiFA27qu%2FDpBYpwBrAEOML%2FMt4Ra0Utnsl0SH0nKXTqzPY2buPfBzY6of2Xpggjm6A4Z8HgJhg%3D%3D&nvMid=82043987424&catId=50002214
32,[자연품애 고구마] 해남 23년 햇 꿀고구마 10KG 못난이,"25,730원
배송비
무료","16,442",https://cr.shopping.naver.com/adcr.nhn?x=4HXErlMa4fQNd%2FZEq5tCy%2F%2F%2F%2Fw%3D%3DsbSnmPHeagHnrugAEM%2B0nSDW98sbvvZq8Bt%2FO2W8JurGL00Wmf%2Bc%2FkOFzXHXxNt3O3iEHHYOb14GVGUeSFkaAvh4pza8ebIOIXPrPsGGS95ek6v2w9jBqMGR4TTsgYaQnAKZvXp3oebSdy28g02tHiWK5zfsOJZQDQYjwG9Mpee%2BRmzTVsgYouZYD2cMk0sG%2FII%2FSorbKJtATsuyTh5Ntb%2FQkgjf1OOsckocbh%2BoLNEoFNlyqCG3HIk7Mn%2FSUxeEjjEpnakMTony%2BNGcearClKDl83GoovS%2BGjMEi2lvhnKzKS5NQJkpuMgUDTZu6nOJo4hCV7rjESVJfp2F7uSUc46iw9XgnAlyWd18TZG9WoeCQy5AXvbdbiBXm5jWENHfirUNC8fNAWt43uQsl2xvRcNuak1oqkl4gDAvzbLBupdoQhkkHXK4%2FmSRy5icYE%2F27BW36r4QZshREfg%2B3vq7RNh53lARN8Fp4%2F84WztByo9s850TjcYQzBTx5TbGj6t9nK8AJoehKYNo7Pj%2BXOKqblnQWmrpjgXZaQTNJOmLHa%2FBkNjBIy7dkUQQ3Vfo%2FQmRVy0vLPro%2FWV9dIJn26pzQKujJ5%2Bb4fcK05Kt2L7WpGIvMQc4SoN3nwBZORet%2FJaO0MfsJxT6zeWs3YKgQyu7fbAaqwjZEnIMj8EYXQgL4PqYrj7lov7fN%2BBsSesfRjKZx05%2FiL3MWsFcTbnjz%2FZLXrXvZO1qg15wbxJS9rZLYG4AUEh965rmeyjEwBHL8S0yPCKInXFmIqbDtPdEAPMbOOUHQIiXcF4qwUXZ2sX76wW8%3D&nvMid=23268459182&catId=50002214
33,한입 꿀고구마 1kg,"5,190원
배송비
무료","14,401",https://cr.shopping.naver.com/adcr.nhn?x=ceO9HUVt5dV1QX7EP%2FAEtv%2F%2F%2Fw%3D%3Ds9s%2FC0hU9XIXMZh0F2TUKX7iU3eSRVT4dhs6ry8lm3SfrmbZKMw7CgD%2FASNNyGHGfVPUmvAQevame7RCjwYRPTEbAoeRkvpJaJBMwPydFbM8QhkkHXK4%2FmSRy5icYE%2F27S5RC%2FzDrxrTDRq9kUpMHaWLiRJpZyocV0GBRvymodq1mo6GiVPpr9J%2BMqhkGzZaabqRU0MbsLGS1mllmjvrJFqxtEy6DxEMT3B1A1va%2Bc4VOCZHiKi4ZtH3tSSp2CoYoAZNIlY3Hc9TUT6ZoEClF421TgGaml4cXp1WxMGunr21bV5H5lCbHc9rIj3e7js6BamWHTmGzuB%2BUOtfwcLtHVxOQIexf9ZMq6m1cQcLlUHYk8Cn2%2B1BgkTK%2BVfH6iHOuw6ZjbtkbN7RD61dGUzg7G1qsmhWtsS26cBgiQoajA6obOXUmt8JqVH8f9ZdvKXpcZBLahpndzAgVkGQxzsTzcp%2BJxU0ph8wSqSSFliebbFiStMgSOOmuEyS%2FnGgjKJfveiudN4wUxYjvrJTsG8aODlLO%2F1rCvlpvepLdE6UGmPSDgTIpP94aVxmvIfRYvCamdC97OQkdKFjxJ%2BRsf8J%2Fp8%2B8pvxNekyQCwO1kAY0n3PL07boOLwoxL6IajskM%2BfZed%2FcpXvB2G9T2qMudkhscSIhIVk7bqT8SKbXQoEfxK3Njqh%2FZemCCOboDhnweAmG&nvMid=41580846377&catId=50002214
34,고구마 / 달콤한 22년산 꿀고구마 5kg(한입),"14,930원
배송비
무료","14,382",https://cr.shopping.naver.com/adcr.nhn?x=iqF7t7jR03N9oxFDba%2BVmP%2F%2F%2Fw%3D%3DssAuDLTXeCKSOyAzl20e7b7%2BYnlffNtfm80gpldLQLEmL00Wmf%2Bc%2FkOFzXHXxNt3O75VymjQn0LuEziHmNGzEOh4pza8ebIOIXPrPsGGS95ek6v2w9jBqMGR4TTsgYaQnAKZvXp3oebSdy28g02tHiWK5zfsOJZQDQYjwG9Mpee%2BRmzTVsgYouZYD2cMk0sG%2Fl4pmbPu6dscUeVYAH5HirOJcED6SHuof75F25EGGuY%2FaLxyhUoBZHPPGG9Uk3m5c9iiKDyyIaVBIsW3C7QcvjiW0xp%2FIJSW5YesvM6B40rPbmpNaKpJeIAwL82ywbqXaEIZJB1yuP5kkcuYnGBP9uwVt%2Bq%2BEGbIURH4Pt76u0Tb1Bm0EGD3iQcs83vTC%2BY54Xa1PYAb0zmPF1cRoKRscXYtzdyqaCOUFr2qqdqBxH5Eb7a4eDemCkORwp%2B%2FNYtq6PYAh5rWLwOjUrrJVphNOISWJjSPznraknhrDj0O3lH%2Ftcj3wBkyVJkwmpcbprwdwV1zgQZTaYgM5SfEfGmcHxt0ieubaBRqf1wzorJr%2F5LGO0wxCyD2IWHHVFcO3Rl22NiFgIp6Q8IO9tMwX%2FAlClzZ5bgzRzpjk5ARtOsMFk%2BYOf4nvu%2FNxVQkUYbu8mRyXFDVDVRSW5JWdo2ek0K%2Bq0x0cjwVm1BUYVknE7IEMpz4%3D&nvMid=26986972739&catId=50002214
35,토울 황금호박 유기농세척고구마 3kg/5kg,"15,000원
배송비
5,000원","13,182",https://cr.shopping.naver.com/adcr.nhn?x=bhdiejIX%2FRx3Ej2uYMMgaP%2F%2F%2Fw%3D%3DsTQymq1Ip0BWt7Xc14%2F%2Fgw1yrsG%2FBNgzHaJikWcC35k%2FrmbZKMw7CgD%2FASNNyGHGfRfMzOrHOuDfX6wuHnnpr6UbAoeRkvpJaJBMwPydFbM8QhkkHXK4%2FmSRy5icYE%2F27S5RC%2FzDrxrTDRq9kUpMHaWLiRJpZyocV0GBRvymodq1mo6GiVPpr9J%2BMqhkGzZaaMBbAUTLhEczrfo6o%2BFCYJ9koDZhZTyE2PqJzLGA4wO66a%2BB2DSVCNlgXVWcx%2FGsVCWnh6hhTOESKTnWFdWs76n7J%2Fqd0XZvPkm%2FRPdPrQ9Ck6v2w9jBqMGR4TTsgYaQnlII%2ByYYqWVu3SSXxcjEJdA8B5SqaVJ3LfbkZOf9%2B4GVzjMUlLf7xjGSzBlg%2Fl8yYi6BVfkak1zGtxHB8qyfrO4yKLimVAuW3JLZMO44K%2BNIBuE6g02vIZh62UYk40FylOd3YLTvQjNg9KEvG90BWY%2FWDpFxaqgG%2FaTPBQ8kER6%2BAZkgJ9SLcDNAoHrCwBM9LBqrCNkScgyPwRhdCAvg%2BpvhYMKS2JpZhztsBCg7C7Eg2IWAinpDwg720zBf8CUKX3R2J3TNZR3l4RGXyV0N8uf33NpGFAQPxs17dHhviMe7%2Bbs5giA1TMcuPdC0tmcEK5Hv1T%2FoDPeAT2ZD%2BWCfnsQ%3D%3D&nvMid=12908547510&catId=50002214
36,[8/21이후 순차출고] 맛있는家 23년수확 해남 꿀 밤고구마 3kg/5kg/10kg 크기별,"8,190원
배송비
무료","13,089",https://cr.shopping.naver.com/adcr.nhn?x=pp%2FbiRJt1%2F%2BgRtUe3a2ULv%2F%2F%2Fw%3D%3Dsfqdn8N3Q97W7bnqtMQ%2FvQxin2ffxeyC7cDHOT6BkrOPrmbZKMw7CgD%2FASNNyGHGfXpSCUzh1hBlLOk2w5sfkPEbAoeRkvpJaJBMwPydFbM8QhkkHXK4%2FmSRy5icYE%2F27S5RC%2FzDrxrTDRq9kUpMHaWLiRJpZyocV0GBRvymodq1mo6GiVPpr9J%2BMqhkGzZaae3%2B5dEmYuEnRgyDhEjqddr8WyxxW9nsmOkOTye%2Bn0L%2Bh%2FXtE%2BL3my%2B6Gnl%2BZglBM08EtSzuSsnpnp6TJT5xfUYiBdkqoKhcovY%2BEwPHCmtOzfplDV93RF5DnvoBmJjCT0mqjnNuqYE1wKAK18Ed9f0Pg%2F6PYJW9LpCSumzPJoigK7CtQzZWLlur1%2FFge4%2BEpysVK14vpqFLUj4ijMwyerWcHmvUYEfNPk4tzPGaE5TSUw9pRz0N1HyKYjuxTONMHRXdHf%2FOzNEQcyUaTA00%2BNhWXIUMKr5lUUTm8kfHdxQFIVyOFSsNOSfykpBDKhd5VKytJxO2TeoF93SUoTHMyo9YVcmt%2ByCBLIMNleAYsL0n3kDCbmBZOy%2FG%2B9E7fBu8Rg%2BUuS29CLrTrEJcqq6ESsR1UTQX6p7hovVSA8kg2mHMGqsI2RJyDI%2FBGF0IC%2BD6mYXoNH6ZadYby3jSksqutLSmEzheSrB6vooBgHNaQHme943DGipSz2flxAvISei4nZ2eWMkwBn0CD1qiKcXJcWPhij7SUMpJkaKJIcZYNX%2B0GruH08DlKshetxY8KUEZb&nvMid=28032517733&catId=50002214
37,조은해남 조은해남 못난이 고구마10kg,"18,620원
배송비
무료","12,674",https://cr.shopping.naver.com/adcr.nhn?x=kpzOck4a7SyAJ9cr0XcPkf%2F%2F%2Fw%3D%3DsdRbu1gw60du2jR5CFEMaACtL7itzr7mLpAt2S6%2FF8aPrmbZKMw7CgD%2FASNNyGHGfTxQmR1UU396kaEf6QQlxekbAoeRkvpJaJBMwPydFbM8QhkkHXK4%2FmSRy5icYE%2F27S5RC%2FzDrxrTDRq9kUpMHaWLiRJpZyocV0GBRvymodq1mo6GiVPpr9J%2BMqhkGzZaaprwoL%2B%2FcFoflAJyoch%2BIAkC6VHW91V%2BffqqtO7AdAF3MdS%2FDlhKcYx1bLyOb%2B%2BnzJVP009rna7ej8T0NR2DiG6KoqzY4%2Fpumr6etu1qaGPakvRSO3CvCMx%2Bg4Ov5hliSB7P9jx5KZr1oy9qstZx7m3%2Fuysp8ZXX%2FhIfCgXpXt3yHPcUxFIz94KK4AH6J%2FSM7V36ogsAbT2GMBHUreotiQHfiF6y2Fddcl3VOb8tIwzNMRseAL0jhDJDIp0Gz1%2FlvjzVGyPrZbWddIIdy7kWgrl%2FDwKLNW53ub7JcR%2FAAZwErFOe2x6XhzLKX3yYVaSSMWyOmkznDkhOhhFBjFyqxWIYY0oip%2Fuqx%2Bga8Gkt03KXn31V238rOB%2FvpIkoNNBWdfAl5dudTqZlos35c9ihFnHOPtl0HfEKomsZui8NWjHGDzHjHldA5QoiDQLkGbbM6xyAhEKTy%2B0Zvtn8oYxIR0Q%3D%3D&nvMid=36797173741&catId=50002214
38,해풍맞은 해남 세척 꿀밤 고구마 3kg 5kg #무농약 #베니하루카 #꿀밤고구마,"8,720원
배송비
무료","12,269",https://cr.shopping.naver.com/adcr.nhn?x=g4rf13gN0k0KMuQONokAIf%2F%2F%2Fw%3D%3Ds%2BS8nf1ZUHJMnm5Axzxo2i553HHrTJ9nc%2Bt%2BDpSMpRh3rmbZKMw7CgD%2FASNNyGHGfo8iuoRkmAhNtoArlUySNr0bAoeRkvpJaJBMwPydFbM8QhkkHXK4%2FmSRy5icYE%2F27S5RC%2FzDrxrTDRq9kUpMHaWLiRJpZyocV0GBRvymodq1mo6GiVPpr9J%2BMqhkGzZaaHzjT2Tdu2wQ64RvHuOGkC8PsMQLLZK4L2hMMBuC%2FVayjRMj4hZa6odNpRDZxIHnrU36VWc3oAlnIkBaZFcopyde9eb7V2udzddZ5T4gdjxAYcALto6nLVmyG5QeuYU3aJPAp9vtQYJEyvlXx%2BohzrsOmY27ZGze0Q%2BtXRlM4OxtarJoVrbEtunAYIkKGowOq%2BTtwL7hH4u8NEZptOOZPd7ArwJXBU9JLjUEn6KqhGOHx77GNZQIsClczublvmVfpyNjREOkdSaCpQ6LGr%2F7s1owefsEME1qpc2agpsB5My%2B0QrEnGUdIDjkKe3O6vXIG7X2%2BYC%2FKWVO1A4V4nS5YCBlTwgzCZiy3eSRBnTwDIhha9mcn%2F7p7SzEBom83JwSSXN3HYQxgXMro9KHZni%2FTa0S5TtAVA5i1acZU%2FWOKE3IGqsI2RJyDI%2FBGF0IC%2BD6m4zDNru%2FjRn7Xn5yuO9WHAjYhYCKekPCDvbTMF%2FwJQpcqEcjYLvXN9392saZBqPdsqH1A7ufSE7O3tF1galN1bikjgMZlhzGEwY6clvvQ%2BTQdHI8FZtQVGFZJxOyBDKc%2B&nvMid=29427380798&catId=50002214
39,[자연품애 고구마] 23년 햇고구마 해남 꿀고구마3kg 특상 X 2박스 총 6kg (개당100g~300g),"31,600원
배송비
무료","12,147",https://cr.shopping.naver.com/adcr.nhn?x=2Fp2V6MFV3qQYvgm2pbSc%2F%2F%2F%2Fw%3D%3DsRZQ0DYJrdVJL44lG0jPlD%2FF8MvWhtepzmmWE0Vc0IxfrmbZKMw7CgD%2FASNNyGHGfXQRTAG6usIjODPObq7EjwUbAoeRkvpJaJBMwPydFbM8QhkkHXK4%2FmSRy5icYE%2F27S5RC%2FzDrxrTDRq9kUpMHaWLiRJpZyocV0GBRvymodq1mo6GiVPpr9J%2BMqhkGzZaaqvP3mcskL0Zf7vJCunjfII%2FC1M5Ul3x%2BjQV1AK2gje2Lr20utUtEONIpkgiumyNl8JC0rZszF%2Bs17Tr17QqjEkr1w%2FxeXOjr6mCf20qbEj6%2FGMp7PKcnX0IX4gWVJPmme4LV95BqS%2Fg7IlBRT6ze3NZBk5nvFbjnZpwSKtESqPlx0FsDMqPFHQd8qecacO6kXmsMdcfxBvBLVUXtPtMiGaS9FI7cK8IzH6Dg6%2FmGWJIHs%2F2PHkpmvWjL2qy1nHubhXJIZHEXW11HBjvSLZUjJG9PIzcuNeI0dSUyegZZO8pdrU9gBvTOY8XVxGgpGxxd%2BRFe%2FRN15SOPPn3al%2Fgc2o%2FfdoDojQYjCNO0F56%2BpKLw1EU4dSp9OVBIzB8P7UeB9rl8ylVN6soZL3OMBSJmNfJB%2FjWmLUQ%2FQA%2Bsv80%2F%2FizoAndd0Te4GHibgUjL21zowoTS1ySAOsO2c%2FyinbQJKj14r9NqL2asrY5MQA2eM7CC1txoP4kgMNwCpoTSAPJZy7AHb0eOq3HihF32DCbR1cnkPvJ9FZ10qlVzCNt7ABJog3WmTxQNm8TCeRaj6XLXGiG0%2BMD09kVauJJ3YSFa1JQtBEGYzQ1PX2HZexZhs6%2BbsPt6Ffwm7gTNCg7QQ8bey1Vhq%2FH77x9Zlr1IFzyuow%3D%3D&nvMid=22697148178&catId=50002214
40,유기농 무안 꿀고구마 5kg 3kg 베니하루카,"12,900원
배송비
무료","12,036",https://cr.shopping.naver.com/adcr.nhn?x=hQgBKzyGhPTqeLtR%2B3SWYv%2F%2F%2Fw%3D%3DsS6az%2Fva9cUE1AdkfmPZ%2BrUlZh42wnGFA9H1FTt8MJUyL00Wmf%2Bc%2FkOFzXHXxNt3OBZDU6NUfSvL7u6gPzMsdF8TS%2Bq3G5KGFzC3n%2FiiL91GSoyb%2BjeWYDOh%2F%2Fvm0gdYiSPkdMc2WNgdKdv1aJ4XCsES%2BortKzfQDWBF5GV%2FKfqEhJv3ljJo79VVIpj6%2Fm3WOMUeoO7LlfwOUuNGfkdZE99Jqo5zbqmBNcCgCtfBHfX9D4P%2Bj2CVvS6QkrpszyaIoCuwrUM2Vi5bq9fxYHuPhKfdFGcU%2BFjqZQNbCsukA6StRKe7lpdqYXHQKZu5KVY1UMVMhB95kr9tqBhrcVhp3r4PhgLxCHpR%2BcFEic1s3R7runAM63m24Ph9LfHsl5TqcF4LQSa7yYn5eMRPwoQZ2QKUPbvM5MlJTd4DfAw4%2BmqfiiQQrOIc7WSourEYjcjKOK50g5XD8JNtbWtYsRIgplvq9mY1woBjEw2a%2FNGOf7ridDEl6b8%2Bnl2ENIOv%2BK%2BDcdYhDW7fO3QYVpvmvMhaWwx3M9VHBTpvn3kpmckAsQU2zMGTFMPfDi8Um4aOlWER8bKU99JtDApa4fs42A4IIrYKoDr6us%2BRKRCOTdsWr9TI%3D&nvMid=80849215147&catId=50002214
41,지은농원 베니지민 꿀고구마 5kg 3kg 2kg 1kg,"7,500원
배송비
무료","11,799",https://cr.shopping.naver.com/adcr.nhn?x=goIzWTYtGLXbZKeKxuOLsf%2F%2F%2Fw%3D%3DsKlfR0in2pNR1hNXBAEt31K7aKePV8tXUIfoomXDaYTKL00Wmf%2Bc%2FkOFzXHXxNt3Ok23KNpBuUoxlvgciYC7Br8TS%2Bq3G5KGFzC3n%2FiiL91GSoyb%2BjeWYDOh%2F%2Fvm0gdYiSPkdMc2WNgdKdv1aJ4XCsES%2BortKzfQDWBF5GV%2FKfqEhJv3ljJo79VVIpj6%2Fm3WO85cS%2FUJGx58gdyTzxyQlcyX2TCgO1oKPxFyHwZ1xCgnffisv5tHfoGFh7RH%2BtSaOAFJNLWxG%2Fj2gEfGb7GroeI5Se6Q6hnFztqw7%2FNStOFM8IoiF3dzvz3R%2BIIhwsbzNV36ogsAbT2GMBHUreotiQG1j1rpoGB5QjTOqvmWpCv9FptzjzYemUi8naKVPNK8gNrtmFB37%2FkS81oqQgTZ43Mof3iwsFIhDN%2FonJauy9pVLF5DCnN2L%2FT9GipDFZlIPe5C5f3m8ohue95Y1aLrn0RvY2fnLyCvED7O469G8Ej77AI7MJqwzC3BLjjfhQA%2B%2BdH0g2z1mnGI56RXn%2BRsxcVIM7ObGVcU4f%2BwRbhr40oEQyuVF%2F%2FwWWIxQ%2FdsqA2Hmd9jHvt%2FF8aDHRvMCMoBrdYVsN%2FiAcjmtIwlTUFZwg6A%3D&nvMid=13427927244&catId=50002214
42,더 달콤한 무농약 숙성 고구마 1.5kg,"10,900원
배송비
3,000원","11,501",https://cr.shopping.naver.com/adcr.nhn?x=62HKjgFKSm8Q7WejptNYOP%2F%2F%2Fw%3D%3Ds%2BOGNdr2yLELyB%2FhgghHmAmsxhVCH3HObk8Y9spIOLtyL00Wmf%2Bc%2FkOFzXHXxNt3Or03y565jZTxBIoLuskcpJ8TS%2Bq3G5KGFzC3n%2FiiL91GSoyb%2BjeWYDOh%2F%2Fvm0gdYiSPkdMc2WNgdKdv1aJ4XCsBLDttN92OgGJzzG7zW0iPQLeB2PZVzt0FO2iCRiCBzxnovBV1REg7PYTgN8xuiv%2Fo4C05V9XGSew5HRO2hS8%2Fl8n3mLIFidHJtW453UsX6vGmTZC1iMwwHynmVq1QhhDzNUxmACujuRMsLUZWbuSVxfzOODpSV7riAbn25L4E0ZpL0UjtwrwjMfoODr%2BYZYkgez%2FY8eSma9aMvarLWce5t3C1uwxRA7WjuJUp52qrfBD0PqzzsyW3oOcshTeQrN%2BjFXXfMlCLUr2lKJopHKNrf3UKDpFKjMBRLqWAbHqtEa2sRTr4AJFSEYKGfdHaNotYmz9GDR1PRS2EhHsIIzi6rAVeWDSt47gMBrorEddMjtOtAHiynoTgR8u83W%2BiY9FEbYU9Cyc1IlWYOHKdFJzS5LLb1%2FrSKiAdE07Wk6dbWCT3EpL%2BOv5o3pUgoL3loFKsvTtug4vCjEvohqOyQz59m9HwEIiUbOZCyjEKYMvIADQTXoS%2FOoYpBA3ZX%2FQYaADc2OqH9l6YII5ugOGfB4CYY%3D&nvMid=41581279947&catId=50002214
43,아임군 명품 꿀고구마 황금호박 자체3차선별 2kg 3kg 5kg 10kg,"9,900원
배송비
무료
정기구독","11,186",https://cr.shopping.naver.com/adcr.nhn?x=W57RSq%2F%2Fv9cv0%2Fj6WSlzUP%2F%2F%2Fw%3D%3DsDSKmztW829ekZuRymGL0P5DWzORDxFrUg8mOB3t8%2FkfrmbZKMw7CgD%2FASNNyGHGfXetv0pjhQJljZEHY6%2FpK75SA9LfHzM3ply00uQZkHQpvH36m%2F2Utwrh%2FKR%2BdxReABjUzPvnnFrN5Bo5ns4Sx%2F8VIhUTYq2J1wF4XcKD2AOWkOA3ZateG%2FY8eKxwX1E0NqjMeuTzzuEA1czePMjtqI4xgy8AmzfSfNfI%2BZfacEmLL%2Fowdnq7%2Fmfq67OVRzok0S5SJNLgIdS1XFCtZ5GETGJ%2B3HMKzTkoiDyuh0K5f%2B9WiDN3%2BjllmEVFZkatlx6BHn4nFTSmHzBKpJIWWJ5tsWICAyVtbM1WX9vm8D24Zt2%2By%2Fg%2B%2FSRal1BwobMCCgGuXlZnLi4Pj6am5dCZIPI2cENCK2yU2BBYsKJ%2B0GV3DvNbyjf6jmlIHBnZKxgD8N1qjvOjWTzMn5Vh2lo1EBD990zcrxKMNane%2BkjSUHUXHJZOWJkNQbZMxDw3tyvpo%2BK2WUuKvxt5RxTerajJtRJnWgymEzheSrB6vooBgHNaQHme6w1sOakGINTmkuslGlTuSj%2Bn0vkB2rpIfrOWsMR%2BvDMPY%2B3xuj875Pgr322gn0bXNjqh%2FZemCCOboDhnweAmG&nvMid=81571078472&catId=50002214
44,해남 꿀고구마 호박고구마 10kg (대 꿀밤고구마) 1개,"49,400원
배송비
3,000원","10,865",https://cr.shopping.naver.com/adcr.nhn?x=6sGaKQerkXsiwgBMhHuSQ%2F%2F%2F%2Fw%3D%3Ds%2BkymVNpY1Uw8ESkBjOVLlZS%2FFRwfKk6UZgbxaVcac5jrmbZKMw7CgD%2FASNNyGHGfgcG7xaQNqDZJCdW3aN7725SA9LfHzM3ply00uQZkHQpvH36m%2F2Utwrh%2FKR%2BdxReAZ8z9dUmosWqq%2FuPquagQPm6IdemuhMaRXNFs4t7grWz%2BdsI0oBV0GFufH9Q6MaoxrIIB7dQmpBkBmvCTk9A3Xfnj8%2BHpUu2Qp3n%2B29zmDY7SiSpClKDK4A3pKaNfdImoqSsNQUWSYtKJkeP2rrUk1uNfhxIDGztgLZ1YlEIWOOzCfjvnFKFBdPe3FtqqNejXVXuiSzPe%2BLOYTXrBeDv6UPziKuqi6lvlwe2gIVAf2UAlXTdy6Sn%2F2yromYu89VyU5MMPEMlSCj%2Fs54lCwIYGgH9Gnw5LXIp3B4eqL10yY4h%2FlLnJwMa7Bt8R2%2FUDqQrCKwMjBP7gIbH8FoCuwxPVUR2ZOGqBtR6ui1eLRX9ye1N1EbfuC%2B1O2TXhj%2Bgfl6n%2BZsdrKCT1F1Rw0j3XlwMfApNeJ6hDBjH69a7H02s0vU3KE65Aaj7gJ%2FTlkjFUlQo9C9PAt7NzgWVjwLqXIfjI9WYco8A4jtUgrUiir0YZRScUds6qou0JLGyoEAenmp%2FTKYTOF5KsHq%2BigGAc1pAeZ6Rw8PoYmg8RKaoydDcckK5UqtRs8%2Fs7J9SscR7PumpwX45HjZZF2gj6d4jFl3EbsQau4fTwOUqyF63FjwpQRls%3D&nvMid=39883683735&catId=50002214
45,영암 황토 토울고구마 꿀고구마 베니하루카 3kg 5kg 10kg,"13,900원
배송비
무료","10,696",https://cr.shopping.naver.com/adcr.nhn?x=BvnbTE%2BV%2FQyWYVqlinvbCv%2F%2F%2Fw%3D%3DsDym0EP20tiOxC4moGnPF0hmEvGYgh5QXIs9U%2FpkRWRzrmbZKMw7CgD%2FASNNyGHGfEsnD1aUHNrSde1yjHugpgpSA9LfHzM3ply00uQZkHQpvH36m%2F2Utwrh%2FKR%2BdxReABjUzPvnnFrN5Bo5ns4Sx%2F8VIhUTYq2J1wF4XcKD2AOWkOA3ZateG%2FY8eKxwX1E0N6Mtl7T0R9Kai%2B8TxUA6p8Yxgy8AmzfSfNfI%2BZfacEmLL%2Fowdnq7%2Fmfq67OVRzok0S5SJNLgIdS1XFCtZ5GETGHMm%2B5u5jkJDaUVU%2BInvi6Z29SwZs%2FfaMXfGBkG68GoRCrWiB%2BpqbZ1Im%2BeQXmLLDLxVKDeudtqw%2FB0nDWeYFVH%2FXXgShqglP040j3zuAZH3vB5FDEylPhD11uFQAOJ7ECAztl6U%2FTBZuB3VwG3mSqkAxuw2JQrfUQBL7qUWrNCTeRHK%2BQ%2F3FHrKF%2Bq%2B1aCMjo8IqgAViVVzMulyfF3X2cF%2BdWwVl8zKjEaFkPPrmIc88m7oH4Zw6AcRnJAbtTkUSXR9INs9ZpxiOekV5%2FkbMXFg%2FFRUhZSoPl0UkOC04nD%2FvkFBsDWNSFExoAVsBcCyhqNNUxJIX3rlGee%2BMxQR%2FumFbDf4gHI5rSMJU1BWcIOg&nvMid=82203036843&catId=50002214
46,유기농 달수 고구마 1봉 800g,"6,490원
배송비
무료","10,620",https://cr.shopping.naver.com/adcr.nhn?x=DJ2W9kRZyoSEt5%2B170SV7f%2F%2F%2Fw%3D%3DsVUeBMj2%2BboIyZpZAPbJT6sJEMt0q7buopUxD1Ey4OOaL00Wmf%2Bc%2FkOFzXHXxNt3OtOrHsJ0CwNm%2FJ5DiG5tbK8TS%2Bq3G5KGFzC3n%2FiiL91GSoyb%2BjeWYDOh%2F%2Fvm0gdYiSPkdMc2WNgdKdv1aJ4XCsBLDttN92OgGJzzG7zW0iPQLeB2PZVzt0FO2iCRiCBzxnovBV1REg7PYTgN8xuiv%2Fo4C05V9XGSew5HRO2hS8%2FltObrGndzzNDMLvS5kCuuKccG8oT1usBWXc0DudehI%2FTNUxmACujuRMsLUZWbuSVxfzOODpSV7riAbn25L4E0ZpL0UjtwrwjMfoODr%2BYZYkgez%2FY8eSma9aMvarLWce5vKMur9nKpuIpJeiGkCKb3h8emfJxv8DiYjXM8%2FkoA3TjFXXfMlCLUr2lKJopHKNrf3UKDpFKjMBRLqWAbHqtEaDeFoZdF54zDzLf1rueSEs2QqJcPdl750IAiXwETD9r3P%2B0IX2YaulFQ5fMs9aIHESrKYMfi%2FEhlAKxvS0WyUr5YmQ1BtkzEPDe3K%2Bmj4rZa1ioXrENFvuPu07FZJ1P9TdH0g2z1mnGI56RXn%2BRsxcZ8fboIRiSWcqXWEL7gxb1uyEfay3qMr8X2%2FOITKTiFXA35CyMrpXQUt3%2FJvHupy5s1ITc7NlRPvorKrNyQBKaY%3D&nvMid=41581226956&catId=50002214
47,해남 꿀 밤 고구마 베니하루카 특상 3kg 5kg,"20,900원
배송비
무료
오늘출발","10,611",https://cr.shopping.naver.com/adcr.nhn?x=GIEo6Q%2BaoND6NkgNJxLMm%2F%2F%2F%2Fw%3D%3Ds3hqegwAWenYwTODOfj4mdGQR81GG95Sg7HCJffKDpMnrmbZKMw7CgD%2FASNNyGHGf5kmVBmFMI1VgRxz7Kw7JmJSA9LfHzM3ply00uQZkHQpvH36m%2F2Utwrh%2FKR%2BdxReABjUzPvnnFrN5Bo5ns4Sx%2F8VIhUTYq2J1wF4XcKD2AOWkOA3ZateG%2FY8eKxwX1E0Nfhhrn5DRFbK%2BKmtLMSiKnyTwKfb7UGCRMr5V8fqIc67DpmNu2Rs3tEPrV0ZTODsbWqyaFa2xLbpwGCJChqMDqpV5LAjIWnnmW4AMeXHvdoeUkJmd8fXtfhpZnNsQggkUJjoIw4cB9IIbrIIjBmPNcm7oTstil3qkcMIZwOZ1ocbN81WjUpxJVJrN5mDsz4Bpm%2BsG9I68EXYIeRZU1bj4Oq4rGn4uDoGsccc4ilJAUE%2FHDTKO9QpwLJ3WStu5JuP8PmdR324VYni5Q%2Bs3ua%2FyfF1N%2FA1cc1xwa34eNGdLj0ALT8nhlxjr5b%2FEtUX3G0Aje8kSOe0YKSO%2BEM3qiXPxdDmBFTlgPFY20hh3BSVD27klqs9ykmBrcRwfIXoJ%2FWxkzO8eYMg9bkc7Bcskj2XWSR0cjwVm1BUYVknE7IEMpz4%3D&nvMid=10219155790&catId=50002214
48,해남 꿀 밤 고구마 베니하루카 특상 3kg 5kg,"20,900원
배송비
무료
오늘출발","10,611",https://cr.shopping.naver.com/adcr.nhn?x=5B0rtivZDlWK8DBKMCFmYv%2F%2F%2Fw%3D%3Dsjp%2BN9QnaCneldn%2FZHVfRl7KaOH%2FCDIn4lalGNnABmBDrmbZKMw7CgD%2FASNNyGHGfgmoLMNQZhQddL7NZrtvfJpSA9LfHzM3ply00uQZkHQpvH36m%2F2Utwrh%2FKR%2BdxReAfmsGB2P4vhjnytbi60jf72vqR2unsG9Pw6XBns%2FftjJGNMg26%2F%2B4Y8kgsfd5XyPZhR6Zkvcct26wjYeLLcb0cCtuDYL%2FMKcwspUufLurFtSrCRdUxvA177jl0VodmokhNUJnit2TyE8yh3GxJ0fiPAL%2FKQs6Idpu5%2FqS8bGJ%2FZ%2FkN7M7DJtYu1d92uniJBZcV36ogsAbT2GMBHUreotiQCQr6CjTQM6gJR%2Fy%2FW1sZuVl7vpxHOPuptoPbI5mpITUmLOfp5UAncwr1%2Bn%2FuFckHyZWNDlJkb37FHOW6AuUP6jwfuFenamE0akPtz3q7HqbruA%2Bcz7LVqc5%2FisaOmq28ZHQkcEkhLnLIXrLgzGMFFEgD7%2B%2FzyZFOY%2B%2Bf3uVQVoJa1jS8Ua1hwiaLnWMxworxsOBKFEWhDNlpYHLXvXLBhe2F%2FPXeqgVctzSQht3WjdcD0FG6%2FGlBX7qe6vy8iEUN82OqH9l6YII5ugOGfB4CYY%3D&nvMid=11546353419&catId=50002214
49,"[한정특가, 14만박스 판매 돌파] 언제 먹어도 맛있는 돌쇠네 자체선별 달콤한 황금 꿀고구마","10,900원
배송비
무료","10,422",https://cr.shopping.naver.com/adcr.nhn?x=jCJupedGVy68bpbJ%2FfqV0P%2F%2F%2Fw%3D%3Dsi3oInAxKsRLF5I2aT%2FXD2juxzd11MWmezZX1s%2FB74qhVcWKdXUnFrQ%2B8ykSAd8ken%2BbxFaz9LEdkCtrxMtmYc0zR0koTNdwouIHjrxTyvy1vUZqtcuXlojZ8YoNbJvjL65Ym2Tbjxzgfq3MNUX9HloHOjIZ9IPiMxFI05e06bK3pdDwsMqPZv5nXY%2F9DZOJbGDIyAosuVHg6nuwXdK6McQ1yAxhpOJKZSxT%2FPuGo5WQ%2Fa18qhDQ1A%2FKJp3fgBDor391W%2FC1w5SVs2sYtTdFSemv4KffkLOwbv2ZYQnmE2m5fBSPFI4f6AohidkC%2FazzSi6BVfkak1zGtxHB8qyfrO2kGq4lcaSF73Yh3b6sbhA7bzf79LpS6i5Ufare3MzvHbKN0liqKEK5Ok7i8ZNzMYNS2UTUP0%2Bvc4IufHS7ZOx5RfD5JqPaW0pFy7MKzKO7ZPApsltR%2FcA%2F1sPKl84lGqf19EjcXcD40shUk%2BWs%2BzI54KdnL6G2OY7GmnllV9xru9v77%2FHSMCVybxD8OJtz1pr7kCK6E%2F2%2FmAOZWXunD2aPydMWJ2uFYOmAJZHpj77dvxj4UM77ZYNbiG70DUW%2FKjnwJeXbnU6mZaLN%2BXPYoRZxzY%2F8ou4GJgMUEXJZwQ34%2F6WQN%2F4dsxZVM0GVdT6Wq68cgIRCk8vtGb7Z%2FKGMSEdE%3D&nvMid=35328543385&catId=50002214
50,[산지장터] 전남 해남 이종희님의 꿀 고구마 특상 3kg x 2박스,"26,260원
배송비
무료","9,619",https://cr.shopping.naver.com/adcr.nhn?x=iVZZgd7czLvZUe24KjjYuf%2F%2F%2Fw%3D%3DsGED%2BCFJAMJJbvOf0SVk4h6MradABhdHqihN5n2v9CRqL00Wmf%2Bc%2FkOFzXHXxNt3OIobMAFqiiYJytN952evzrMTS%2Bq3G5KGFzC3n%2FiiL91GSoyb%2BjeWYDOh%2F%2Fvm0gdYiSPkdMc2WNgdKdv1aJ4XCsMP2pc8qFrseSosrjoTlWcDeT3xIJg6dNAR33%2BAEJ24HkEoteLb0J4XA%2Bl3KC4WYKpB%2BUrvP3z0mAqVN3dOMoKWGYQcekIE0v5g%2BMYPYIgT4G8AyMpaYu4Ito1iPBdNTHPnMCgiCwRQ7SztIjqFFXBQyveTHoSvvsqu9WhndAFp5qyfs7GdAUABpCSa2IjubMxm2RMr2oJ5miHMfNZQcgUCAbCY81f975eS5nfR25FBiP83WAv8GAIoQ0MwLPWeb%2FUVKjXvMwDuehk3MmyJa3RTJwWbyaxiNxoiMIAcN0%2F%2Fg8e%2BxjWUCLApXM7m5b5lX6U6LNBzOrOG6%2F2OXsc2ltr2MHn7BDBNaqXNmoKbAeTMvx%2F4XAIVOqSmePZ0A%2FlBtsqfo2abHERO664icGeVTXExwmD7r7w%2F%2Bz9muevg55m3dl9cBKZfAJePYtzQ7zRqeBRwfy8OTSTXvz2H7x7gqd5bdInrm2gUan9cM6Kya%2F%2BSxxj%2BL5cfnBp7VkFajv9b6CSmEzheSrB6vooBgHNaQHmclXqazkkhwScdVtJZTFLwLKNKGwOYzQIU7HK3wppxWN%2FM3NFb%2Fd4pDa8%2F%2Fwwpj4uYGruH08DlKshetxY8KUEZb&nvMid=24023766463&catId=50002214
51,[신선연구소] 해남 햇 꿀 밤고구마 3kg 특상급(100-300g),"15,110원
배송비
무료","9,595",https://cr.shopping.naver.com/adcr.nhn?x=RWMzy4LI3GwD4k%2FI2PlqyP%2F%2F%2Fw%3D%3DswfJMcOeqR8SHnGPUWl%2F16r5YlLD9KoobdljvtjaG2mKL00Wmf%2Bc%2FkOFzXHXxNt3OytM5uDjlkGgcmBksJ93CcMTS%2Bq3G5KGFzC3n%2FiiL91GSoyb%2BjeWYDOh%2F%2Fvm0gdYiOb5gh2y%2B8NwGrXUNhX6udFK7icTZPG8%2BLpIo9yE3yFRRDOAoJhtfimrmY7UMC3KcGs2j9jpuXzWaW%2B2rXVdx0HkzjCCQwKR6kwfpZPkuEU0egnFVKSXmNo5Oy7%2FxEu%2FcQ0UIACE1Kh%2FXbCPaJTh82GwgL14Wje8cu88DXfAmwWw30d5E8w8YzqEaofh63Gyeh1ZN%2FBTcCdY5KeTvl05e9SX2TCgO1oKPxFyHwZ1xCgnffisv5tHfoGFh7RH%2BtSaOAFJNLWxG%2Fj2gEfGb7GroePnHgajHwOKVjUuUfYWMmR1AWdIfq6LHXmwjSiTyAUPmQFIqYMFGqZ2cexfj0Zb5gRiTIkHbLSguQDVZtZY5OGaMHn7BDBNaqXNmoKbAeTMvt93ZybMlTyUMxkf4v6a9wq4x011o4JIeaC3ibdO0jZE6qRl0xkLIXaU2isPMZ2zqr6oQICQqhGUv9MO0E5B7ncuwB29Hjqtx4oRd9gwm0dUvwOidgMcfYQHw5%2Fdg8cIZryJpOBLNR2xGJN%2F2R8jL7i2BsK7pfXIVYAsZaGIHRVwCRfXPDxtWJrM8sdwU8QmXAwJ1ynk7NRkV2ol2w1ClyMtVYavx%2B%2B8fWZa9SBc8rqM%3D&nvMid=25218454020&catId=50002214
52,해남 꿀 고구마 베니하루카 세척 3kg 5kg 10kg,"12,900원
배송비
무료","9,534",https://cr.shopping.naver.com/adcr.nhn?x=zPkbLEsXJk6tnvP79WVxp%2F%2F%2F%2Fw%3D%3DsEQSRxo0mtwTpyOMfTf2A4Ve5HK8h9BL%2BskzxbJb58wxVcWKdXUnFrQ%2B8ykSAd8kefCupPGq8FvyRpjFXgL7090zR0koTNdwouIHjrxTyvy1vUZqtcuXlojZ8YoNbJvjLPPhHYvIRNvZUr89cpbjjumFEV98CfAwi%2FgpsOD1fQ6BauFou6XqHVWbZADh1MXsb2FgzKaud6jI%2Br6QGX0Tyg8XUbTWM%2BUbYKpfg4wKowzdVXemfpmeX70wC2wQT5nyi5pxiwDZPU40LYzhHX%2FcRv%2FHBzAMXhYb7ilsyUeInuzNbSzQwlOYebvY8ES8l1WVZ8e%2BxjWUCLApXM7m5b5lX6XjrQuAzwaD9qi6d48tHcPeMHn7BDBNaqXNmoKbAeTMvGe3S0YKVj4eJ6lb3SvsSQsTMDMQyyKhsUE5K9bDEti7bKnEXGNZuVp1EILKYQ9Psb3cezbyy%2FCU7euANPpfQ7W5n6rVtQs1qMxL4Izi19JpbvEWNIQD8OZ1XrdlpD5FYkAlOKwPahCEyYd9E%2BlamjptPu%2FygOT4tiWW3nHHS17fByxlV%2B9f9PjS%2BvaPEZ2O0vcQOfWEFomtzX69b1JloyIKoDr6us%2BRKRCOTdsWr9TI%3D&nvMid=82986033374&catId=50002214
53,조은해남 꿀고구마 10kg 못난이 (꿀 호박 랜덤발송) 1박스,"21,900원
배송비
무료","9,379",https://cr.shopping.naver.com/adcr.nhn?x=wvjO1Y8DfjFHepjuNuu24P%2F%2F%2Fw%3D%3Ds5kXtN%2Fem5KiCD8CSRqoeWyih8jxR3jrxJ5ip3oFIX5XrmbZKMw7CgD%2FASNNyGHGfHEJsjvB%2BqNgZ6EO8Lnx6v5SA9LfHzM3ply00uQZkHQpvH36m%2F2Utwrh%2FKR%2BdxReAZ8z9dUmosWqq%2FuPquagQPm6IdemuhMaRXNFs4t7grWz%2BdsI0oBV0GFufH9Q6Maox%2BjW8sv6vSSSb%2BZez4oo2%2BWes0o2zZZa%2FoEyVaFP8H7ROycK50WfNSAM06xMMKTH9mpjud4qcB81EcSASuKI7s1QYE4EbjIdQba%2Fn4etR9XPhZWwAgOhTwena%2F3xhyJbtVXuiSzPe%2BLOYTXrBeDv6UPziKuqi6lvlwe2gIVAf2UAlXTdy6Sn%2F2yromYu89VyUtM1wTcGbNkjeg542e5YbIbeYjp5D8zyNbAStbZNfSKp%2FlLnJwMa7Bt8R2%2FUDqQrCTUlkvSwPJG9XbZ4QBpci7yaPgE2%2FzuFVYZOOa2l1x5LELhPls1utuIYWaS%2FskoQm0ZQjyBnpRHxp77WbLcpF6ZDtDnBbPzIxWa99g9a945kmR2VgZbNMR7uFqd0KsaWqnYuIIi800rCiW040yjB3ZWuoBjvNf9SYXGZqmD2agmtTBRNsN6m9vJbOc48wqEnNxtN9k%2BbXhJaQcb%2BLEDt4xy2BsK7pfXIVYAsZaGIHRVwEvZ0pGlPCuoeWUNHk29JExXr7uxtqetTfEncOuzTG1ctVYavx%2B%2B8fWZa9SBc8rqM%3D&nvMid=38994108719&catId=50002214
54,해남 세척 꿀 고구마 5kg,"26,900원
배송비
무료","9,190",https://cr.shopping.naver.com/adcr.nhn?x=cFqE4cP%2BRU55adfrlFBT9f%2F%2F%2Fw%3D%3DsXtyYKi1RuZZFEVhdh0QkmRW%2FRnLzQW4GiC%2B6LDaSMH%2BL00Wmf%2Bc%2FkOFzXHXxNt3Orr2U87Gq4q%2BoiiFGjWzMksTS%2Bq3G5KGFzC3n%2FiiL91GSoyb%2BjeWYDOh%2F%2Fvm0gdYiSPkdMc2WNgdKdv1aJ4XCsES%2BortKzfQDWBF5GV%2FKfqEhJv3ljJo79VVIpj6%2Fm3WOS%2FoazTSfXxYfPCVxbTbxeSX2TCgO1oKPxFyHwZ1xCgnffisv5tHfoGFh7RH%2BtSaOAFJNLWxG%2Fj2gEfGb7GroeP%2B3rG4Kg8H6kXYc7C%2FPdKNXf%2F2TT74X9jnMPLKhwJv1V36ogsAbT2GMBHUreotiQFRXNpwCZOAGdRR9W%2FVBiBMnWEPVlNqEnnXswg5o7QaF1Jdsd7S7lT0iHhE4619BYmZzIilkoq6W%2FQMUxmmTIgD%2BHSTgK8OfDUuXFrBPhBk3DoQUYqcXrtfn57%2FIH0sAciDNTM4lEAOP7tjcE4mmSoCy9vHO0kuhgNh1peIe4uEaux%2FzDF508vH4kC65wQ7zPAAErRdPUPH0uK2Stw0gJxk6HJZQgjI8VSlbO1R88zJ2DVCYCaeglF2rgr1u2OQIzQ%3D%3D&nvMid=80198863052&catId=50002214
55,해남 세척 꿀 고구마 5kg,"26,900원
배송비
무료","9,190",https://cr.shopping.naver.com/adcr.nhn?x=%2BpLi%2FSPDrUe1XAOCJPNSYv%2F%2F%2Fw%3D%3DsZLQD6GBUTkIuox1%2BtVwRQc4R2I7bz9fC8Iwwf2Vq325VcWKdXUnFrQ%2B8ykSAd8keHM7UGlf%2FI7TRCLD3Bpbjz0zR0koTNdwouIHjrxTyvy1vUZqtcuXlojZ8YoNbJvjLi7KqfIw372JaR1cPujmitbA%2FCLbf4tBgTkmG22VT95A6M2vGwtrAsLK6R%2F0WfAkYgSaefXZ2uOrbSMJ5ZkuthdJqo5zbqmBNcCgCtfBHfX9D4P%2Bj2CVvS6QkrpszyaIoCuwrUM2Vi5bq9fxYHuPhKScgxYVSu6vUQt4O23a5z70YSoO6Hvn9J9PL62kX7Fkrn4nFTSmHzBKpJIWWJ5tsWLIyxSEq2GRJhx5CXbBsSAPG%2FX3t%2FKNhLJcWuuhZgRR2LV2PF9f4jc1p2E%2BQ%2BEebyHeqY9mNyCV2mLQsyV7B4RRMvbsVkByCmxTxt%2F0jkZFLTmhHPpVZ9fINfoobuIge4liExZEUxOZ8xPXuJ0J75JTl2r21yPsig4eUhdgAhrBvvx3G1ssgvPCOZ3up5bdottGwiRwyeBSrRla9CMfZrAMDfkLIyuldBS3f8m8e6nLmzUhNzs2VE%2B%2Bisqs3JAEppg%3D%3D&nvMid=80199527995&catId=50002214
56,해남 자색고구마 5kg 3kg,"26,900원
배송비
무료","9,114",https://cr.shopping.naver.com/adcr.nhn?x=rLblRQLyD0RTBDq0Zh66iv%2F%2F%2Fw%3D%3Dss2Vv94YhzhMO95C%2FDTaO8C5IE0qOQgojBCB94KfWU%2B2L00Wmf%2Bc%2FkOFzXHXxNt3ONISWWenPW4ESQeOeEy4Q88TS%2Bq3G5KGFzC3n%2FiiL91GSoyb%2BjeWYDOh%2F%2Fvm0gdYiSPkdMc2WNgdKdv1aJ4XCsES%2BortKzfQDWBF5GV%2FKfqEhJv3ljJo79VVIpj6%2Fm3WOfWxmqdxtIWntuhXS8HHso9Jqo5zbqmBNcCgCtfBHfX9D4P%2Bj2CVvS6QkrpszyaIoCuwrUM2Vi5bq9fxYHuPhKfgjT5cZNFH8HzuER37NNXGhalVB5ipwbiZn%2BbtKCcOZMVMhB95kr9tqBhrcVhp3rwV%2Fsl0uUnJcWC1Wf%2BseCC5%2BGrzoIYgPSLeaMR8xnBifn69bAzyoqZH6VmJpPNZDjBpYBDhDB7wcBdluKRTAMaiENBe6zkfI8pMbijZ%2Fh8s%2Bb%2BjplX5BBu7cqjQEyD8%2B81iExZEUxOZ8xPXuJ0J75JRxLXOUluw4dcLTlCgWaIrKuZTZ5gT0lPQkI0J0Bj8pRZo8xqMiNrDWd5p43pmt%2FHtWhZ3SMHTcLlpircdRzUgq1JIslBmdxaTx7xO1%2BPPoWw%3D%3D&nvMid=12115635959&catId=50002214
57,해남 자색고구마 5kg 3kg,"26,900원
배송비
무료","9,114",https://cr.shopping.naver.com/adcr.nhn?x=afY2iH%2Fflw07z3BPy%2B%2Ffqf%2F%2F%2Fw%3D%3DsKxHehM5n%2F%2BhYlV%2BF8Z0SV%2BbKqoEAZoHZDjaf3phnocZVcWKdXUnFrQ%2B8ykSAd8keMsZwEgcN04jCKHPnMIHE70zR0koTNdwouIHjrxTyvy1vUZqtcuXlojZ8YoNbJvjLi7KqfIw372JaR1cPujmitbA%2FCLbf4tBgTkmG22VT95A6M2vGwtrAsLK6R%2F0WfAkYY5EBDdsG5T%2FvkGSk2eaEktJqo5zbqmBNcCgCtfBHfX9D4P%2Bj2CVvS6QkrpszyaIoCuwrUM2Vi5bq9fxYHuPhKWQPL0L%2BjYe%2B0i3bKhH3KIuVt88pwuvZ06lFWQtu8riqn4nFTSmHzBKpJIWWJ5tsWPejOtVqp%2BgAw43SWz3dgApuCX7qfKw3uLKVJPL7EEChTCC%2B%2Fgfy%2Fw%2BpCufsnkzNdYOdFYT%2B0%2F6qEJd%2BHiKpNSEGqsI2RJyDI%2FBGF0IC%2BD6mNnt92DS3TucEVIlYzB%2B1%2BKOuBZD%2FQkGyMe53inOjnLXy33pyKte20bfMM4GTszAod8OLWVFMuqmNGWgHZg2BOmmlQ40Nfeyblb8HjuHM%2F%2FNWhZ3SMHTcLlpircdRzUgq1JIslBmdxaTx7xO1%2BPPoWw%3D%3D&nvMid=12115635274&catId=50002214
58,23년수확 해남화산 진짜 밤고구마 5kg_특품 외,"29,900원
배송비
무료","9,012",https://cr.shopping.naver.com/adcr.nhn?x=bGuerRD8J6STdoORAeytK%2F%2F%2F%2Fw%3D%3DsOvJ%2F%2BB0hK7UtggTfDmEF3sNh6IvZjI7X0%2F3uFMxj3B%2FrmbZKMw7CgD%2FASNNyGHGfd43HU1HyBI3xxX1wZS7lTpSA9LfHzM3ply00uQZkHQpvH36m%2F2Utwrh%2FKR%2BdxReAfmsGB2P4vhjnytbi60jf72vqR2unsG9Pw6XBns%2FftjJGNMg26%2F%2B4Y8kgsfd5XyPZJbIKgym2byH2sGsMnV2kwCtuDYL%2FMKcwspUufLurFtSrCRdUxvA177jl0VodmokhNUJnit2TyE8yh3GxJ0fiPM5ZPwPPUyL3NYZHf2L0VgaYM79TyOBEM3Q9xUVHePL4V36ogsAbT2GMBHUreotiQKJEpmK7zA6IYmCuKQZRiVHcbzMM3%2FV7b3kyTmOqqMS3pDNr%2BBzTTuh8IopURoY6EcjApTUDWIWeJ2PEgOXDcc9%2Be2L0UI5WPtLb9oEiPEseLuFfidZkZZ2Zxrdyip32YwaqwjZEnIMj8EYXQgL4PqYa8QlPkjEihWexhvYNQzmRo64FkP9CQbIx7neKc6OctWtobzfu8DzTvg4nFWdu0%2FeWpTyKceUziq0aiQMHKRW2Pal69YhG%2Fx2U9u6Ibq4e7VaFndIwdNwuWmKtx1HNSCrUkiyUGZ3FpPHvE7X48%2Bhb&nvMid=11944699751&catId=50002214
59,23년수확 해남화산 진짜 밤고구마 5kg_특품 외,"29,900원
배송비
무료","9,012",https://cr.shopping.naver.com/adcr.nhn?x=vq49QaJYby9ww5B0B6jd5%2F%2F%2F%2Fw%3D%3DsLI1Tsl9xbtk0eQ9B%2Fhdhqh0iZQH1Z3L8iwvEXJj19s2L00Wmf%2Bc%2FkOFzXHXxNt3OaMDeIN9QhFsH9LPzDHYO9MTS%2Bq3G5KGFzC3n%2FiiL91GSoyb%2BjeWYDOh%2F%2Fvm0gdYiSPkdMc2WNgdKdv1aJ4XCsES%2BortKzfQDWBF5GV%2FKfqEhJv3ljJo79VVIpj6%2Fm3WOQ1S0h2rkbpb5vhhabstQi9Jqo5zbqmBNcCgCtfBHfX9D4P%2Bj2CVvS6QkrpszyaIoCuwrUM2Vi5bq9fxYHuPhKSh6%2F%2Fi8Hs4f6C8TWDzkZpU1xmSN5l4nJOrNNvWkFKr%2BMVMhB95kr9tqBhrcVhp3r7Q4MBxuZQexLHgGs9kFHHmm5i70jqtoT7GopneXGx13fGNw1g8grH0tgm5Mhuhz%2BzVvaqeWLXcPlfu3DrGigRFsRVmAmZm3u%2BoiwRugWGcOcyo59G37GDQJ12Sx%2BwxWP90ieubaBRqf1wzorJr%2F5LGil9wU4QhrBMOJJylraa7%2F05%2FiL3MWsFcTbnjz%2FZLXrV4jYJU0WtlyC16L1vWRKOC0Q4sVgONPUKwYVJfHFea7TDOZk21Hw7YCL%2FawkQKR4ccgIRCk8vtGb7Z%2FKGMSEdE%3D&nvMid=11944700029&catId=50002214
60,[리퍼임박마켓] 햇 꿀고구마 정품 중1kg 2개 주문시 3kg 발송 - 늘해랑 23년 햇 꿀고구마 정품 2kg 한입 외 골라담기,"7,900원
배송비
무료","8,872",https://cr.shopping.naver.com/adcr.nhn?x=bGo88GzXvenmXilJ86Y%2B0v%2F%2F%2Fw%3D%3Ds0ecLuVnKSrvO1QApH5c%2BjpDnUYbRaRsW8dxvlY%2BKU%2BfrmbZKMw7CgD%2FASNNyGHGflyApvM0lLvvhQ%2FzAIrjJIJSA9LfHzM3ply00uQZkHQpvH36m%2F2Utwrh%2FKR%2BdxReANrqgw6ET5eztg%2Bt74SwsTo97k2zEgsKRuXxQI3%2Bw%2Fk6Be7%2BnFocpjkYVaoMALdgwP073r0jI%2Fi5fhtGDesgeIN7KFnOTOZfxJFx46Ta%2BTAM%2FnWXEXYJ8yiXqKEuGvFtI1ZbqfloNJs5LSIdKheABpmvqR2unsG9Pw6XBns%2FftjJmn%2B6FVZ%2Fm0w7K7lHYQAO7FrdY5szD96cQuJDTpVmpWM1VReSzBws3Xr4ABchY6ETs4YFCJT4%2FQmXAulk6dVZ5UVYH9uSA%2FDBOqzOnyQ0HFEu9f8%2FlKmBcEUxcvzeHvLaClLbKlGBkFMJs4Ib4%2FHramsSzP65jispz%2Bo7M9AR5LyUdmvQSzhZolzGcgIR4lHhcSH5Bth%2FwR8hy4Jdb2qmqdewaYpa9PXRvsG9GDdpec%2B26tx5%2BtLqO%2BjN7aa7sPiWRSnIqix9YsJozGFx82y7qPcOG1fuTu1aHCyJLqss1R9KjTCuDrTGmXN%2BzCM5pD8hMUKLE3fzZApN5dAjCBO%2FOjwYpjw2cDrbWY3K8FHJWfRxS1QGgfGedhwKLB1Xv7xj2BaCPLXOtx9aabiV7fZGVaGimR4pR27mrh1IoDTOSgA%3D%3D&nvMid=33984149780&catId=50002214
61,10%쿠폰 22년 해남 햇 꿀밤고구마 2kg 외 사이즈별 모음 구매수량별 증정 확인 - 품질굿 정직하게 재배한 고구마,"6,960원
배송비
무료","8,852",https://cr.shopping.naver.com/adcr.nhn?x=wlaVQ8FB7ujG4QfTAwvy5P%2F%2F%2Fw%3D%3DsNHv0clbCe5Y5soYARmtTjjolS5uvE%2BeRmiEesfrAqj3rmbZKMw7CgD%2FASNNyGHGfRXMTkBbVB9IaqmGfwc5kEJSA9LfHzM3ply00uQZkHQpvH36m%2F2Utwrh%2FKR%2BdxReANrqgw6ET5eztg%2Bt74SwsTo97k2zEgsKRuXxQI3%2Bw%2Fk6Be7%2BnFocpjkYVaoMALdgwwWZYOL6aonJHAwht2Sz%2FC7MgGOLTWRqJVNt0fu5qjstW0VUlflukAXPYCVknpgiRiekSdHTEBGZyy%2FvWEA0xsLngnxQ7ssMZd09T0OjyjIxearTBvydD1LUI3JWpCADIb15hPtX0LN4xw0TxxoJIedtWm1NcrHAkAENHXuSCJr14RX7%2BKIGiau%2Fq4c4UbGVfqTYN%2FcTzVzXNpZF5KKP%2BznYMfMNJcVdXTiBO6t1hoDkmm%2BRmIaLm1oQ9PPW23dsAQbGFUG8oIUPFlC8rLAVmjBd2Di1zPOreztPAMiiGNJMa%2F7MXDJblJXu6PIDJyhlYz8cLQxzsz%2BMRchcbuj3VuXDqtPis%2B1sgYnbp0BdulvFTv4amZWdgXLnQJhc3hnbZ1wT74%2FwB8xYuTrWrhA4SYjWygjdjSadasMV%2FvKzvoa5JbjvA2tpVEltgVelgevjfsQocLEGGa0wsleHc2pFkrTmEf9r7qwlN1Fzx3z72BwrWKGDbxeelWJRV%2FE5ztmm5b1NmOoRBMBsXNQGXzjfbC%2BFUQB%2FrDAzm2q1KHRsHkfE%3D&nvMid=25949954906&catId=50002214
62,[리퍼임박마켓] 햇 꿀고구마 정품 한입2kg 2개 주문시 5kg 발송 - 늘해랑 23년 햇 꿀고구마 정품 2kg 한입 외 골라담기,"7,900원
배송비
무료","8,212",https://cr.shopping.naver.com/adcr.nhn?x=owCmq6C0pN9XXK5twe%2B5TP%2F%2F%2Fw%3D%3DsfwmDfjSfD9PmfIc3VPNtArQlsG20%2FFKsQRkGueIxNz9VcWKdXUnFrQ%2B8ykSAd8keC5jXC7%2B2fKpSj1PvD8kVPkzR0koTNdwouIHjrxTyvy1vUZqtcuXlojZ8YoNbJvjLDRNjG59d307iP10CRYmRrw5lZtQiFbXjstwY8fzLvixKudBoYYjVaTM0%2FMuUyvWZMLEWM7sBDJ4zBO4wCKJdL%2BLQek9db2RSIEiJyzO2NaredRy4zi0cPbEpezcsE8H4MulRCgaSAJovqO04BFK3DMHPv45Edr5fvvv%2FlTzZa4U9b9aGzCz6aopnJILC3Fv%2Fdwp99yWRy%2BBP7euvwnVWWF2tT2AG9M5jxdXEaCkbHF3HQdG84W9pZ0L9M7d11OTX%2BOsy1U2nqrTQzPCsSAt3b0Fz9ECRFuQkNYY3KEud3mDPLOV5qe7divW6x5oTezSS%2Bn1On1BgSmviXr8sgyLloMqxNgiAgxPRLOVh9d2DCDiP2mRQg5kuNR7ZYWSqTNjsdewaYpa9PXRvsG9GDdpec%2B26tx5%2BtLqO%2BjN7aa7sPiWRSnIqix9YsJozGFx82y7qbYUlBn9J2Ir1Yscx2GEZND1I1XqmzLUkoSGR3wg5tMbomkhAdS4j7FEwFm%2BxEKtaLYGwrul9chVgCxloYgdFXBojqNRhThbAVWL6IbWLhdDM1jjTXD3wmpKqjVDPsSncy1Vhq%2FH77x9Zlr1IFzyuow%3D%3D&nvMid=36841878344&catId=50002214
63,달콤하고 부드러움이 가득한 햇 꿀고구마 5kg (소) 푸드빌리지,"14,900원
배송비
무료","8,144",https://cr.shopping.naver.com/adcr.nhn?x=3%2FVHYfk%2B7fXn62vJNCQzPf%2F%2F%2Fw%3D%3DsZK8J5br0PpZ5E%2F7%2Bzrd106foQe5WaFPBmbuQew51ctbrmbZKMw7CgD%2FASNNyGHGfyfm5Chz58UWjP%2FFasWb4t5SA9LfHzM3ply00uQZkHQpvH36m%2F2Utwrh%2FKR%2BdxReADG%2B9%2BLGE3jLI72OzlzAumqTpxbfoHADdec3ikk1uWQJ0tcNCFPkWS7FzyCZSjkIJHIAus64Dq%2FJ3%2FZoQz5bh2v1qZxD3CR5hPq5QupaQhGENcgMYaTiSmUsU%2Fz7hqOVkP2tfKoQ0NQPyiad34AQ6K9%2FdVvwtcOUlbNrGLU3RUnob%2FhaCOlLrFN7yzndL8l48MVdd8yUItSvaUomikco2t74Kolj8L%2F8PbWRqemY%2BWb8U7siIyxoFRZEXlDayCN2%2B9YX9TE%2FZmV717fFwLCbrlJYa2TWFhOTEUpApvXYNNZBDf0R3SaVRBy3Ava9jciG%2BzEHOEqDd58AWTkXrfyWjtPtT9usQ36MezXxh0w6IgqZlBQzD54FFSfmCYaxIMVEwcvpgDt56fjW4VaPEttrv0HszmdmaSr%2FgRdrmhRCa8wOxChwsQYZrTCyV4dzakWSt0v%2Fn3tVNWpoulXhCFfwcswhkbF0aM%2B3yxS6lgZYyCmhvU2Y6hEEwGxc1AZfON9sL4VRAH%2BsMDObarUodGweR8Q%3D%3D&nvMid=11217114817&catId=50002214
64,[제철 기획전] 농업회사법인감동 23년 해남 민경일 무농약 세척 햇 꿀고구마 3kg 대사이즈 외 3kg 5kg 10kg 크기별모음 - 후기보장 고구마,"14,880원
배송비
무료","7,988",https://cr.shopping.naver.com/adcr.nhn?x=3vyNYAgYBPedB7oo%2Brxxgf%2F%2F%2Fw%3D%3Ds9Of%2BFBpCm124%2BZB1LmKWpK0F6Ku%2FmbLKdtaZJkKN0KqL00Wmf%2Bc%2FkOFzXHXxNt3Oji2f2VPopQ9VuhHLFtNebMTS%2Bq3G5KGFzC3n%2FiiL91GSoyb%2BjeWYDOh%2F%2Fvm0gdYiOb5gh2y%2B8NwGrXUNhX6udECZcyd%2Ftv%2BQxlxlt339HC8awHVUmsdaPfsxoqdGSsAcQpPwNHFDPz0G6BkQGSC5c80CE1LRQS1%2BN%2F9%2FxV853bke4e%2BTjRxhzX2jFzLcJBnVxdRtNYz5Rtgql%2BDjAqjDN1Vd6Z%2BmZ5fvTALbBBPmfKLmnGLANk9TjQtjOEdf9xG%2FnJ74jKdPMZ2aXzt1IsgfXUsBqE2D64sGroIgjQf%2B41bQxtg2MqlIEcU6de7JQc%2BPiq56RJ1MbgaH2xDx9WbiG83zVaNSnElUms3mYOzPgGmXIhD9frzWNKfAaQgNfQtIvfPt8B7qUipQtp4YDukZhYVGSiS1tIIhHYHKkj0vlZxzsIrLrtfPN6%2Bl1wPDa%2BB3whCRKWd9HMZiQ15n8tc%2BKMlCSvVgBWw%2BZJ8BbXDkV1rqVhqfvpdsXLq%2FcLcqRHRDGIbWnMwAd9ZG3oC9FU94Q%2FiHfj2s3vUy5tQX4wnPyakDq69V4iOxzaSj8kxU839lY9KIyH0VXBHVPS5%2FEisFJ%2B7fp%2BrtYOLeFwHNx1YB%2F2%2FrhsN9RtDaOlnXzchtLx36fFVEzAUCvfej0ZbDhevnMw4SwcLvxUEucVmH%2BcOht40%3D&nvMid=29486729644&catId=50002214
65,햇고구마 유기농 무안 황토 꿀 무농약 밤 달수고구마 해수고구마 5kg 3kg 베니하루카,"29,500원
배송비
무료","7,868",https://cr.shopping.naver.com/adcr.nhn?x=ad3FK4zek6Sb2UYtX64Hwv%2F%2F%2Fw%3D%3DsZJXEeEJGsupEZZf%2Bo5ZEfOVJ%2BlxJycMs4nn8%2BFxyuH6L00Wmf%2Bc%2FkOFzXHXxNt3Ob3NJJT2WzZHfztcw4c98g8TS%2Bq3G5KGFzC3n%2FiiL91GSoyb%2BjeWYDOh%2F%2Fvm0gdYiSPkdMc2WNgdKdv1aJ4XCsD9rXyqENDUD8omnd%2BAEOitqNZuGiYkpsV%2F1UFv2sMKh8y5iT1E43NoAMW7zftz85Km1pQzCD6sEx31w6aQ2cturilkDeG%2B1rLU11UaeFf3disext5K2yYkF868rsMDqiUgU5RyuSGSyKaRKqnbPDTOcTrlsELs5BNObWClveqJWXa1PYAb0zmPF1cRoKRscXaN%2BD6ffYVu8xbYlbTf6fSP6f%2FGGBJeMiTNtU36dxxc%2FMRlgqrCpndK2xYsNTbBfbgCjRz1tB4%2Bxwon9dkYyPIoL2it44KnoBmpK4EyGYQ9y5VfLBkXIxSHYGVrmUkTh%2F8i9oc9qf0VkQuo4qTh3EQkAIZ3%2FE%2BBuVyUwHJ2moCat9UIpvpw4eSmy78qNCpaIcbbZJnBJHwu%2Fs7RyjTt7F5zhWPNetWLQhM2Z9CcCYw6hG2cI1F8DQsZdxwTuvHabYh3BLjwRcBTLvwRoeYF9ZEXFupnJ8vPZ4ypbWU4J6BvwhI0mOcs2dIrkohQg%2FRNEzAhzZnlBtC1gopii7uyPrw1B0CIl3BeKsFF2drF%2B%2BsFv&nvMid=82229447278&catId=50002214
66,햇고구마 유기농 무안 황토 꿀 무농약 밤 달수고구마 해수고구마 5kg 3kg 베니하루카,"29,500원
배송비
무료","7,868",https://cr.shopping.naver.com/adcr.nhn?x=Vf4chpCmQRP230uUmkPgkv%2F%2F%2Fw%3D%3Ds82TjTb0rTecuTvx3yyQG6p3LWrlK7wyGOil%2FTdaxTFDrmbZKMw7CgD%2FASNNyGHGf98u1MiATUkl0uL5W0oiyYpSA9LfHzM3ply00uQZkHQpvH36m%2F2Utwrh%2FKR%2BdxReABjUzPvnnFrN5Bo5ns4Sx%2F8VIhUTYq2J1wF4XcKD2AOWkOA3ZateG%2FY8eKxwX1E0NuOxbb6FwSCm4UgOfeFotYIxgy8AmzfSfNfI%2BZfacEmLL%2Fowdnq7%2Fmfq67OVRzok0S5SJNLgIdS1XFCtZ5GETGEBySa%2FY4hLVcSCO%2FpobyIHURPWvkUrPE%2Ffg3zC7DdJzn4nFTSmHzBKpJIWWJ5tsWG7C4lErQ37oyH1uB16UHAR6K503jBTFiO%2BslOwbxo4Ots%2BeriA7cQIKotJLUEWgl1uYLgpCs3rcCWh7xi8kd%2Fkv6hcTxKj2ZYLg9t03Yy0ZALg0D1tzGoMAF1hXnBkd6q6tophuvIMzSh5nDjHzmC%2BDnRWE%2FtP%2BqhCXfh4iqTUhjoxhrikalOKUui%2FU32wAgQaqwjZEnIMj8EYXQgL4PqZNeZBr3sZ56hrUvk2%2By9BYo64FkP9CQbIx7neKc6OctYtYffNV2Ky251npAY7onDUbPtnsN%2B39VTxRw9j7yL%2BxenmPAxvPgcyuO8uET4j54VdznR4EhPC6BI08fc6TT2xWkbDrUFJ2hBG8QaB8WVzn&nvMid=82229078137&catId=50002214
67,홍팜 밤고구마 꿀고구마 베니하루카 퍽퍽한 꿀밤,"9,900원
배송비
무료","7,562",https://cr.shopping.naver.com/adcr.nhn?x=zwC3Ngpm2JearJv3ds7wm%2F%2F%2F%2Fw%3D%3DsE4bk%2B3Y9uDZ5gBBH5J2yVCa8Ye%2Fls2et3S%2FvweqDdFJVcWKdXUnFrQ%2B8ykSAd8kew0%2Fi6RyKy6cE0TzaxlIlLkzR0koTNdwouIHjrxTyvy1vUZqtcuXlojZ8YoNbJvjLPPhHYvIRNvZUr89cpbjjumFEV98CfAwi%2FgpsOD1fQ6BKy9uZgfsv%2BOFb220zRzjpIZbKdD%2F5KdeASW7tXbu5YcXUbTWM%2BUbYKpfg4wKowzdVXemfpmeX70wC2wQT5nyi5pxiwDZPU40LYzhHX%2FcRv0WL9YOAy59j2akQS50Mvsi3KKiejl91psMuKuhLtkgvmSCJVA5iDw%2Fewge6rONGG5X8VO58B01wxuKzU%2FHijdZ2Mu61t4DaYNzFeBsrv6k7sclJI7YCixym5sRgUhKCSKv9A8mzOn%2BqLCkLzmbBUvxc3cdhDGBcyuj0odmeL9NrOLZLZCqMS4rNc2%2B%2BOge5wwaqwjZEnIMj8EYXQgL4PqbNKJ3MMcFVqapze0fqB3PVNiFgIp6Q8IO9tMwX%2FAlCl9BVxtHlVX6OnqZ%2BDlj56tjexiOKxcgV8UByH0euKdMd8soCY4W01mDd2ToYJ3749uR79U%2F6Az3gE9mQ%2Flgn57E%3D&nvMid=13424516180&catId=50002214
68,해남 꿀 고구마 꿀밤고구마 한입 황금 3kg 5kg 10kg,"9,900원
배송비
무료","7,414",https://cr.shopping.naver.com/adcr.nhn?x=EQ8J3HrUmS4HFUQ%2FICTr%2Fv%2F%2F%2Fw%3D%3Dsdx3AsAcsU3xXPzxnZ5%2FM7Tt2vATOnhYUE0JU02hTpinrmbZKMw7CgD%2FASNNyGHGfHHFW11HPAMbBYMfAsVyJiZSA9LfHzM3ply00uQZkHQpvH36m%2F2Utwrh%2FKR%2BdxReABjUzPvnnFrN5Bo5ns4Sx%2F8VIhUTYq2J1wF4XcKD2AOWkOA3ZateG%2FY8eKxwX1E0NyBu4c6Ym6iSUAuVRNoF444xgy8AmzfSfNfI%2BZfacEmLL%2Fowdnq7%2Fmfq67OVRzok0S5SJNLgIdS1XFCtZ5GETGFlblI4Svc2%2BKc3CZYON47DOawFkAAD8lvYYdR7NXBlICrWiB%2BpqbZ1Im%2BeQXmLLDHAqpIJr8BUlmMVp5INe1KqD5Nr68hVNdNJQnD8kyTvgbHr7XiaydEhSqF6zbxR%2FmPHsM7y3C19NtfSeDXz2MkN2MyJ5VxA7ENwvEStlKO0MDXUgv9Gg6DWB%2BN72ufrhK4Q0F7rOR8jykxuKNn%2BHyz4EC7JyTMz5QNa1Y6MvhLg%2FWITFkRTE5nzE9e4nQnvklAvZ5wx%2BgHrlMKn7f%2B7lTUYDngibvQQNNhQ8cTgoO0CRvSB7l5p6scUI4o6pGDFE%2BlaFndIwdNwuWmKtx1HNSCrUkiyUGZ3FpPHvE7X48%2Bhb&nvMid=82924998386&catId=50002214
69,[GS특가] 해남 햇 꿀 밤고구마 10kg 못난이,"21,380원
배송비
무료","7,265",https://cr.shopping.naver.com/adcr.nhn?x=lSrNUmPw2QVsH9FYJNccp%2F%2F%2F%2Fw%3D%3Ds6J3gGk%2BzAHG4t5pN0LobsiYCbq6SRH2xV3BrXmn1ehfrmbZKMw7CgD%2FASNNyGHGf2T4SdUmrGRPCs%2F2xqfcjbZSA9LfHzM3ply00uQZkHQpvH36m%2F2Utwrh%2FKR%2BdxReA5A%2F30QvmTkXvkpi1wxHpY4XN2H%2BHZ%2FiNajPoIAJC9%2B%2BnsJvQGnaT3yamDPEH5obEBXYZ7NUIntweWEV5dblcbc0ec5hmUe2mIz%2F9bs2qOdXfl9ywM0Ap7RIiUS2BcM9VzILGbndMf4tgzwimWeOBSFEJ0cTiQjSrB7Yphjr83U%2BJn6zY7WSLClfZn7dg%2BsLfZIV%2FQfQoocL2u0FNmXWlw4xgy8AmzfSfNfI%2BZfacEmLL%2Fowdnq7%2Fmfq67OVRzok0S5SJNLgIdS1XFCtZ5GETGLZuWzcDjlVEn%2BwNMRt0ZZoSjNs%2B43zDEPL%2Fd%2Bfouy%2FPYae%2FEgyPnofQzTUk8rrIa7kD1IGcTdmX635qMpqbSkefThK%2BtUTkqvuJ0pdICeVgIuWLDKoQoqHJBdlioKpwENF5uBSZNIS30kQSAoCwhph0LpfYMFp02nPWd547b5xEWsTd2Y8Wl%2BCW7kwhQU5Qj7uFHZhna1krulPoX8aOFrB8ONIISTWe5T2uqxqyKz8IMfVBnxcLv%2BwOMyMeCOCare2ssTydLUJ%2FYulaCOkRbFu9xA59YQWia3Nfr1vUmWjIgqgOvq6z5EpEI5N2xav1Mg%3D%3D&nvMid=21988084519&catId=50002214
70,맛있는家 전남 세척 꿀밤고구마 3kg 특크기 外,"22,900원
배송비
무료가격비교","7,211",https://cr.shopping.naver.com/adcr.nhn?x=rLpZmDssAmrtutH17Q8cnP%2F%2F%2Fw%3D%3DsUJmq7%2Fjd4mCqokogxZLdTGdptfBLzrclQuyME8ZYX0PrmbZKMw7CgD%2FASNNyGHGf7yd80ttdarkRF6%2FRYnAw45SA9LfHzM3ply00uQZkHQpvH36m%2F2Utwrh%2FKR%2BdxReAQfP%2F1lWtxBnsVQTV%2Bsm4YqEcrHVc0GMch2BRVzfypoLvp0P2c2vUd%2Fiylg8BUQRKL0IKW3aF7KHCFlH4uX4758OxhqdHt6ZqaJ0IQYQLBFC6a7kxg1%2FzZp0P5g2KugzjW6VwTQkfE8SmoMPKmzRUEaS9FI7cK8IzH6Dg6%2FmGWJIHs%2F2PHkpmvWjL2qy1nHubEJAOzG3PgAvlppwAK8AaxgkSKSd%2BSamaLvGJ91fzVhwxUyEH3mSv22oGGtxWGnevTJu7anhwQ08xkq37pRE%2BZPmOIomCPBgiXkgt9XZeI9mQ4e3iMnTnBl1RWcd5adZH7aE4shcwQhK7wQuPGoCizxA%2BA2%2Bz7BQc03UPz9dUI%2FKl7v%2FtUmy46%2Fze79HN6AqVUUkaaeZMovWHcYJkwK3FQ4fs1aV0AGzwwmWtCX49kfSi1gqptegPGZHNwkC9es5rZTc3SRYJKEdTDi92W%2BhFhb2lQAeVUdchIgUGiFQKj5vS1T2Xzbw1l58skBOnH37UV3OdHgSE8LoEjTx9zpNPbFaRsOtQUnaEEbxBoHxZXOc%3D&nvMid=23119850179&catId=50002214
71,[리퍼임박마켓] 햇 꿀고구마 정품 특상1kg 2개 주문시 3kg 발송 - 늘해랑 23년 햇 꿀고구마 정품 2kg 한입 외 골라담기,"7,900원
배송비
무료","7,078",https://cr.shopping.naver.com/adcr.nhn?x=q2FrJH8nmWlDLuQq%2BdKBt%2F%2F%2F%2Fw%3D%3DsKCYlafarXsxhr7qnkQqqrl6ezC0YtEW0pTEp8%2BkNujhVcWKdXUnFrQ%2B8ykSAd8keIt8WYkZjt2bhb%2BmDNDh6v0zR0koTNdwouIHjrxTyvy1vUZqtcuXlojZ8YoNbJvjLDRNjG59d307iP10CRYmRrw5lZtQiFbXjstwY8fzLvixKudBoYYjVaTM0%2FMuUyvWZMLEWM7sBDJ4zBO4wCKJdL%2BLQek9db2RSIEiJyzO2Nap1j8RGeVgGfSB3bqfRiKNaMulRCgaSAJovqO04BFK3DMHPv45Edr5fvvv%2FlTzZa4XZUbJtgN0oM2jz1T6Pfb1rEL%2FhLFkoayBlKMI7C3UvLl2tT2AG9M5jxdXEaCkbHF1MaDtRl6x2FRLM1WUcuFlrsLmQLzQkXtoLzroZgsS%2BTEFz9ECRFuQkNYY3KEud3mDPLOV5qe7divW6x5oTezSS%2Bn1On1BgSmviXr8sgyLloG7hQP2UWtqRhl07tQntAfVS7KJS5YU1GU3ZAx6O8MQlL%2BnQdNWJL%2Frz2bZwS5iV04GSCIqXy9AtUXSxTZGP%2Fy5sbSQpoOFnfxtWMRNsGi58eh8QbnqgvT6jpSOuA5nQRO%2Fpy5q4hdgzNc8%2BB0T2TabomkhAdS4j7FEwFm%2BxEKtaLYGwrul9chVgCxloYgdFXPNmN8TsKZjGwEqZfwiKJGAOayD20dd1nnmIiWuDuRDby1Vhq%2FH77x9Zlr1IFzyuow%3D%3D&nvMid=33984253636&catId=50002214
72,고구마 해남 꿀 베니하루카 5kg 10kg,"10,900원
배송비
무료","6,989",https://cr.shopping.naver.com/adcr.nhn?x=igkh5cBeW04iZ7MELvwm4f%2F%2F%2Fw%3D%3DsKT4eULq6xoGhRPofCkXF7YPofqZvKwXcvc%2FR66KU5C%2BL00Wmf%2Bc%2FkOFzXHXxNt3OdWBqgs1UQcYEG4Eu%2FsbN8cTS%2Bq3G5KGFzC3n%2FiiL91GSoyb%2BjeWYDOh%2F%2Fvm0gdYiSPkdMc2WNgdKdv1aJ4XCsES%2BortKzfQDWBF5GV%2FKfqEhJv3ljJo79VVIpj6%2Fm3WOtXwfhXlJVTUL0J4IS8KNqSX2TCgO1oKPxFyHwZ1xCgnffisv5tHfoGFh7RH%2BtSaOAFJNLWxG%2Fj2gEfGb7GroeI0U4ncerDi3cvqyzh7YLmqp4cMtx1BrUo%2BH9XKso9lWV36ogsAbT2GMBHUreotiQFXEiCf6mtqYTWSgL2KwHw7K8G8cfnThOZBVbQvILtwAuaaZTc2dOrS91ng%2Bh0lzOMXvkSRwks4aJ%2FzE3Z2F8OD1YIdfDWVKcfhn3slCybVrhDQXus5HyPKTG4o2f4fLPh0RlAJYjSNb%2B0giX3mMsOpL5CmGWno5T4DgpiQKV4TZmPCnugp7gPM%2F3j5gmasrNuSi7n%2B7oF0ThYNy%2BhVYASkPmNYbNVi%2BGmzGsGVsHqsPA35CyMrpXQUt3%2FJvHupy5s1ITc7NlRPvorKrNyQBKaY%3D&nvMid=82240881739&catId=50002214
73,[쟁기돌이] 여주 23년 햇밤고구마 산지직송 옛날 원조 딱밤 품종 퍽퍽한 오리지널 100% 밤고구마,"23,000원
배송비
무료","6,910",https://cr.shopping.naver.com/adcr.nhn?x=cS0BqCnGdXSuY9sKkNTlMf%2F%2F%2Fw%3D%3DsucHkQ5KWfZJ0QRFRicLWlg6IvNycdCTP01z2J6qhqOFVcWKdXUnFrQ%2B8ykSAd8keUlvmsA%2FX4YVra6sSffBtXEzR0koTNdwouIHjrxTyvy1vUZqtcuXlojZ8YoNbJvjLPPhHYvIRNvZUr89cpbjjumFEV98CfAwi%2FgpsOD1fQ6A0j0aEEtcTj6B%2BbIHtoZe112%2F4nZHUveOTcoEydOVO3hm2RMr2oJ5miHMfNZQcgUCAbCY81f975eS5nfR25FBiP83WAv8GAIoQ0MwLPWeb%2FWN1jiNnJ7jViaZO%2BYXAgS9guabGM86jH3SBH0HBzFEOIt0GDtNHhtP8RXIEn1P8seWeYG8wy5d3GFrrHIobhJIpnG6P0QktuCtjT7R842Ne4T7x0Vobfyv8n3F%2BI7CLhzDn%2F%2FzAFxBiF6JF%2Fxz0%2FpYWrfUxardsyHc4pJWap%2Fk%2F0imc1kMp5JbtBGCY61HSfrMIOX30XuiOqnxHEQk35BIwTgoQF0qryE%2FmyMv18z2F8UzAgwkNk7RB0bvNg6pjICEryIHmhK0J0gPQsfqwcUldVXy5CsCLrT6uHO%2FZ9javyG5j0Yvs8nfw%2FuzJffbER3R9INs9ZpxiOekV5%2FkbMXGB5SxtX18RRzXjBHP1TckMxy34URImuUj6dqIP2LsyXrU46BsL7jk7UXyKq8%2FxgwSFbDf4gHI5rSMJU1BWcIOg&nvMid=11937241333&catId=50002214
74,[장터할매]베니하루카 꿀고구마 고구마 5kg,"12,320원
배송비
무료","6,835",https://cr.shopping.naver.com/adcr.nhn?x=OihDJOjPCLuvWqQUwXf%2BcP%2F%2F%2Fw%3D%3Ds3J2dB2gBvZ4YU6wq5k%2Fe%2BDpstqrVZoe9HMLHlWfV0OlVcWKdXUnFrQ%2B8ykSAd8kenwEJdxd1uAOtI%2FkduzRJEkzR0koTNdwouIHjrxTyvy1vUZqtcuXlojZ8YoNbJvjL65Ym2Tbjxzgfq3MNUX9HlkgyQmyIV0ghdBHMkm2lyeIq3vS%2BphZ2RUmgaeMcCOPyt%2FpXtCbHqtGkzQTjlo2PlD9fKMGhxIQ%2Bm9s0yLZ%2B5hqPlL%2BnDd1puFuhkv%2BHvQrQ0mqjnNuqYE1wKAK18Ed9f0Pg%2F6PYJW9LpCSumzPJoigK7CtQzZWLlur1%2FFge4%2BEpkFFp5z075L68SwskKa7e%2BS63O86rAi5gDjnYYqtPNFYmOgjDhwH0ghusgiMGY81ySZZdIK5mLNim6NT6jLFZr83zVaNSnElUms3mYOzPgGl4CAk2%2BC5HMAWqpt9b%2B1owgvNWFk2N57gDYwu27U64BySgfUHdFo8mfu8sMLBcWV6IaGYYGxlUEEDtqrYDKkqb%2FXFlzUAexgqoJerHVr3o57BAZ0Xt3LtLsg5oqyDloZ1lNzdJFgkoR1MOL3Zb6EWF56oFdJuUpDw6zwGS7wD65Ju3Zm67RVyISvb66hYRwrVXc50eBITwugSNPH3Ok09sVpGw61BSdoQRvEGgfFlc5w%3D%3D&nvMid=39360668122&catId=50002214
75,해남에서 만든 꿀 반시 고구마 600g 1개,"20,960원
배송비
무료
빠른배송 내일 8.16.(수) 도착예정","6,825",https://cr.shopping.naver.com/adcr.nhn?x=sgvinWJ8MwsFyaC6w5AEBf%2F%2F%2Fw%3D%3DsDLdUDNUNqG3mhN2jBbBobPshYvXYIndGxrGZHVR5%2BVyFIIrWPZ%2Fkx9WnOlT%2BPnWHOJxKKDSpXiCehoqag9W3WcMa6utPf5MOeqJ1ecx4KX6DbsxELlOMzIf19hxamj8yjSdYfhQhjO6RBE6B9qY2pV6v82U1AyJ7tlz4Wg0j9tKGuPmnjcrIYuQ0YekAoB%2FxhGnfkJmZJPJRl5SUt9lDvQsmulKTx1AwlD4%2FZdwlxRGtqXFf4Mj4XV0tZuadjQImyY5gGktpqKzv%2B5XiVV%2FbiYoAUk%2Bb0d4EMHWKJvP2x2TAdRG1a2qS0%2BLaZnLh9ejjK24Ngv8wpzCylS58u6sW1KsJF1TG8DXvuOXRWh2aiSE1QmeK3ZPITzKHcbEnR%2BI8k0fDEUVv%2FU4iYJBa9njHe%2BSKiS2tPdfVarnKZimZx4gKtaIH6mptnUib55BeYssMkTXUwCkTdmFToD5BNOS8e35%2FD9DbGQ06FaopjgnkFvUV0MZskoRodhGBh1xZDq3Z3HFEXkCYF%2BEj93mq9rWtDcj5pW8lshNKa0yThP76LwPPG%2BWrG%2FX5hMS3NIwe6%2BBGGbqVXCcSYD%2F4fsb9uHM3cB4gIqaMyg8UEx37kIT0gQZrWNLxRrWHCJoudYzHCivGQ4UZC%2BylQmJeGmXF%2BwKnuuqkbaqGfUuueiviZvDjrw46HJZQgjI8VSlbO1R88zJ2DVCYCaeglF2rgr1u2OQIzQ%3D%3D&nvMid=41535981254&catId=50002214
76,니즈앤니즈 럭키푸드 해남 꿀고구마 특상 5kg,"23,890원","6,752",https://cr.shopping.naver.com/adcr.nhn?x=ylKTSj6k%2F0rQLN6kZMht3%2F%2F%2F%2Fw%3D%3DsEn9iE2PN1mqd9ZTVqRUCdXNk6zq9fcYdR5ILyjwqQQfrmbZKMw7CgD%2FASNNyGHGfQAr%2FJTVP65Eki8yPUrG37JSA9LfHzM3ply00uQZkHQpvH36m%2F2Utwrh%2FKR%2BdxReAc1abD5zyVe3DLXTCerK%2Fqsv%2BjB2erv%2BZ%2Brrs5VHOiTQgGE7%2BZatKjf5hEf1XctkKEHspCkLiUYfyYIJUjKn1v9IP%2BGKneERj0r7g3GaLB5kEUXbJ39NErFU5MZJl645mJfZMKA7Wgo%2FEXIfBnXEKCd9%2BKy%2Fm0d%2BgYWHtEf61Jo4AUk0tbEb%2BPaAR8Zvsauh4kSWEdEWEW3YzDXNWFkLC9QZ3cnZs0abgx6L%2BpnFjTYMKtaIH6mptnUib55BeYssMAhJP%2Fk8Rwov%2FgZD9kyaBML8wIJJV9wF0w%2FCmcYBtcboJX9WD%2FAG4gSX32n3DwDjmzT0hsDKux0MNEiN89MH9C9KRd8jIer1%2Bmzh5Z5MEk7WpZ4z5NE34diVpDSZ67ngFfdlTkxnwB87Y%2FiOacsQahTVAjAHqtsKviaKJmZ1y%2B1VTYAkXa5JMUGwr%2FDELFQscAgdcrgNROpZi33ox2F1V3EtmqcMKgsFOUj8ArJDChb4OEsHC78VBLnFZh%2FnDobeN&nvMid=38721345619&catId=50002214
77,고구마 햇 꿀 밤고구마 베니하루카 3kg 5kg,"10,900원
배송비
무료","6,580",https://cr.shopping.naver.com/adcr.nhn?x=myBX2QesLOgma0as%2FmR9Hf%2F%2F%2Fw%3D%3Ds4kYsuICwb64MgyFMm4URaP67r6Q2cjFTL9PPB%2BiwbGBVcWKdXUnFrQ%2B8ykSAd8keyqOCsvIUFt2PG3REIDcF%2BEzR0koTNdwouIHjrxTyvy1vUZqtcuXlojZ8YoNbJvjLPPhHYvIRNvZUr89cpbjjumFEV98CfAwi%2FgpsOD1fQ6CLZg%2B836fvR7S%2FYhR6nHLLJiJPOG4VtyaJYV19CQjiicXUbTWM%2BUbYKpfg4wKowzdVXemfpmeX70wC2wQT5nyi5pxiwDZPU40LYzhHX%2FcRv2skOzEhmzBV2BQCeJvojszrYBBhWJ55HM2SHHYdo%2FbTmSCJVA5iDw%2Fewge6rONGGwPWx3gFkh6pqarBJclhTvDp%2BWgLGvZiZkHmgOfnw6DoEASqC7LEkXuoVa5d%2BMdIA7DEsm1q9LkhHAFoOB%2F3Tsd5Ecr5D%2FcUesoX6r7VoIyOzox0s2BBk%2F81RJ80Fuy9iGf7QU%2FclAIIGe8CE5wvkXfUc6PS%2FovmLsvfUIYWQWITPpth8jW37aAP0z2LcgCxrFsYrzCDAHGu2NrstDXZtN%2B%2Fl7tnU86qdI6Ja0CTH3hpIHriBXNXnd7F51buapolPwau4fTwOUqyF63FjwpQRls%3D&nvMid=82234372397&catId=50002214
78,농업회사법인감동 티프레쉬 23년 햇 해남 무농약 세척 꿀고구마 3kg 특상 외 골라담기 하나카드8%추가할인 - 3개이내 시식후 불만족시 무료반품,"15,900원
배송비
무료","6,354",https://cr.shopping.naver.com/adcr.nhn?x=%2BZDFB489oAwFCYiImpeHhP%2F%2F%2Fw%3D%3DsHQmFNh01Q%2BQa4TDUbDmvFs0JRrQLFSLbgi0bCR04kSrrmbZKMw7CgD%2FASNNyGHGfBBLPopJs7LaSaW5dLUtZ%2BZSA9LfHzM3ply00uQZkHQpvH36m%2F2Utwrh%2FKR%2BdxReANrqgw6ET5eztg%2Bt74SwsTo97k2zEgsKRuXxQI3%2Bw%2Fk6Be7%2BnFocpjkYVaoMALdgwBWBoqnZqbqegtdbGp3wHAxfcnerId0xGCH%2Fg7cjhZGTVlup%2BWg0mzktIh0qF4AGma%2BpHa6ewb0%2FDpcGez9%2B2Mmaf7oVVn%2BbTDsruUdhAA7t%2BUD42Tf8t6pcEcyf7A7OnlxPAdvzezrusIxAP6c2LwnHnDF7BQ%2BNQSVnjpQaNmeeq52AAYxIbhQ8GkkoPbfHDh7Zi%2F9Ozg9dTWnhvyjY4JJ4Ff7QkM2BYZJjp2RCg7%2BfG2j61sUVWXujvZWn8CqOfzZwdtQkn5j703yCtMNeDLLiunc%2FofKiEs%2BBfXi%2BAPprAdUphn73gT7LicQhUcRtkHxyvm9PDCFhvmgpPkPLDHY3fUCxIL%2BFD%2F%2FbFTYhysmAjaVPUKuarmZsUgyzJDl%2BBzeHgkltgAQzZ5wB9%2BwlA%2B%2BozumAniZf7bdZe7WlfyDY%2BeJSovL0M3XjTmUkTm%2FTqy9O26Di8KMS%2BiGo7JDPn2Xyofo6y%2BnHNuTYQd3y4BEfeeJy4eD3sgXWxJ1vsRlBAzY6of2Xpggjm6A4Z8HgJhg%3D%3D&nvMid=41866486871&catId=50002214
79,청년마켓 달콤한 밤고구마 햇고구마 햇밤고구마,"19,900원
배송비
무료","6,204",https://cr.shopping.naver.com/adcr.nhn?x=CdIBlgYkyBmhpGTAC1Hfjf%2F%2F%2Fw%3D%3Ds02TcoDqgAQM47bgSvaPLrw0bD1ILSXq78Lxx%2FjdpkvKL00Wmf%2Bc%2FkOFzXHXxNt3O0o4zXldt6O9O54bquwFKE8TS%2Bq3G5KGFzC3n%2FiiL91GSoyb%2BjeWYDOh%2F%2Fvm0gdYiSPkdMc2WNgdKdv1aJ4XCsES%2BortKzfQDWBF5GV%2FKfqEhJv3ljJo79VVIpj6%2Fm3WOmbp8K0FMCiaxUwW%2Fg6dxWSX2TCgO1oKPxFyHwZ1xCgnffisv5tHfoGFh7RH%2BtSaOAFJNLWxG%2Fj2gEfGb7GroeCBQnXLEuEUahWerWWzRpWhjgUQFpCevTOANXcEkZRycV36ogsAbT2GMBHUreotiQO59wLCJKpLEg8PQgGlTBw2zXyqft6C0MF0zrvTYojNitBra08M3rgoxZ%2FwoMKUPfNSKHUjThO2EA0p4zJK0Ti39dvbzii%2Ffra9nNtFRzrVH8eSckdOBaRjK7PpN6y%2BsoL7kCK6E%2F2%2FmAOZWXunD2aOS8NfAtJNr2EP3VcuykRokXrAiNJzGzzw8f13I4TKlvSGNGMHsoDx0PYD8XmbHyLzG23%2Brp6JAjnlKHSeot%2BAC8CBNFaki1Uo1JFWztYXd2IgTf7yrYRfoB4ZWEX7jhu4GruH08DlKshetxY8KUEZb&nvMid=82589292013&catId=50002214
